Year,Month,Day,Short Name,Max of Price,Type
2023,January,3,AAPL,124.8793258666992,Close
2023,January,3,AAPL,130.7004320271417,High
2023,January,3,AAPL,123.9806964263458,Low
2023,January,3,AAPL,130.0813821153808,Open
2023,January,3,AMZN,85.81999969482422,Close
2023,January,3,AMZN,86.95999908447266,High
2023,January,3,AMZN,84.20999908447266,Low
2023,January,3,AMZN,85.45999908447266,Open
2023,January,3,GOOG,89.69999694824219,Close
2023,January,3,GOOG,91.55000305175781,High
2023,January,3,GOOG,89.0199966430664,Low
2023,January,3,GOOG,89.83000183105469,Open
2023,January,3,GOOGL,89.12000274658203,Close
2023,January,3,GOOGL,91.05000305175781,High
2023,January,3,GOOGL,88.5199966430664,Low
2023,January,3,GOOGL,89.58999633789062,Open
2023,January,3,META,124.7399978637695,Close
2023,January,3,META,126.370002746582,High
2023,January,3,META,122.2799987792969,Low
2023,January,3,META,122.8199996948242,Open
2023,January,3,MSFT,238.9814300537109,Close
2023,January,3,MSFT,245.1360129678689,High
2023,January,3,MSFT,236.8068686973777,Low
2023,January,3,MSFT,242.4726855791943,Open
2023,January,3,NFLX,294.9500122070312,Close
2023,January,3,NFLX,298.3900146484375,High
2023,January,3,NFLX,288.7000122070312,Low
2023,January,3,NFLX,298.0599975585938,Open
2023,January,4,AAPL,126.167366027832,Close
2023,January,4,AAPL,128.463862747479,High
2023,January,4,AAPL,124.8893185941294,Low
2023,January,4,AAPL,126.6965568291842,Open
2023,January,4,AMZN,85.13999938964844,Close
2023,January,4,AMZN,86.9800033569336,High
2023,January,4,AMZN,83.36000061035156,Low
2023,January,4,AMZN,86.55000305175781,Open
2023,January,4,GOOG,88.70999908447266,Close
2023,January,4,GOOG,91.23999786376953,High
2023,January,4,GOOG,87.80000305175781,Low
2023,January,4,GOOG,91.01000213623047,Open
2023,January,4,GOOGL,88.08000183105469,Close
2023,January,4,GOOGL,90.6500015258789,High
2023,January,4,GOOGL,87.2699966430664,Low
2023,January,4,GOOGL,90.3499984741211,Open
2023,January,4,META,127.370002746582,Close
2023,January,4,META,129.0500030517578,High
2023,January,4,META,125.8499984741211,Low
2023,January,4,META,127.379997253418,Open
2023,January,4,MSFT,228.5276184082031,Close
2023,January,4,MSFT,232.2881884115503,High
2023,January,4,MSFT,225.3954640511433,Low
2023,January,4,MSFT,231.6996661314296,Open
2023,January,4,NFLX,309.4100036621094,Close
2023,January,4,NFLX,311.1400146484375,High
2023,January,4,NFLX,295.510009765625,Low
2023,January,4,NFLX,298.239990234375,Open
2023,January,5,AAPL,124.8293991088867,Close
2023,January,5,AAPL,127.5752066338182,High
2023,January,5,AAPL,124.5698009731373,Low
2023,January,5,AAPL,126.9361829465279,Open
2023,January,5,AMZN,83.12000274658203,Close
2023,January,5,AMZN,85.41999816894531,High
2023,January,5,AMZN,83.06999969482422,Low
2023,January,5,AMZN,85.33000183105469,Open
2023,January,5,GOOG,86.7699966430664,Close
2023,January,5,GOOG,88.20999908447266,High
2023,January,5,GOOG,86.55999755859375,Low
2023,January,5,GOOG,88.06999969482422,Open
2023,January,5,GOOGL,86.19999694824219,Close
2023,January,5,GOOGL,87.56999969482422,High
2023,January,5,GOOGL,85.9000015258789,Low
2023,January,5,GOOGL,87.47000122070312,Open
2023,January,5,META,126.9400024414062,Close
2023,January,5,META,128.5200042724609,High
2023,January,5,META,124.5400009155273,Low
2023,January,5,META,126.129997253418,Open
2023,January,5,MSFT,221.7545623779297,Close
2023,January,5,MSFT,226.9814758670015,High
2023,January,5,MSFT,221.2059334930909,Low
2023,January,5,MSFT,226.6323442437408,Open
2023,January,5,NFLX,309.7000122070312,Close
2023,January,5,NFLX,314.1799926757812,High
2023,January,5,NFLX,304.5499877929688,Low
2023,January,5,NFLX,307,Open
2023,January,6,AAPL,129.4223937988281,Close
2023,January,6,AAPL,130.0913705781232,High
2023,January,6,AAPL,124.6996087905207,Low
2023,January,6,AAPL,125.8179041306251,Open
2023,January,6,AMZN,86.08000183105469,Close
2023,January,6,AMZN,86.4000015258789,High
2023,January,6,AMZN,81.43000030517578,Low
2023,January,6,AMZN,83.02999877929688,Open
2023,January,6,GOOG,88.16000366210938,Close
2023,January,6,GOOG,88.47000122070312,High
2023,January,6,GOOG,85.56999969482422,Low
2023,January,6,GOOG,87.36000061035156,Open
2023,January,6,GOOGL,87.33999633789062,Close
2023,January,6,GOOGL,87.69000244140625,High
2023,January,6,GOOGL,84.86000061035156,Low
2023,January,6,GOOGL,86.79000091552734,Open
2023,January,6,META,130.0200042724609,Close
2023,January,6,META,130.3300018310547,High
2023,January,6,META,126.0400009155273,Low
2023,January,6,META,128.9700012207031,Open
2023,January,6,MSFT,224.3680114746094,Close
2023,January,6,MSFT,225.195939569652,High
2023,January,6,MSFT,218.8019663403845,Low
2023,January,6,MSFT,222.4428408307381,Open
2023,January,6,NFLX,315.5499877929688,Close
2023,January,6,NFLX,316.7699890136719,High
2023,January,6,NFLX,303.6900024414062,Low
2023,January,6,NFLX,311.5700073242188,Open
2023,January,9,AAPL,129.9515838623047,Close
2023,January,9,AAPL,133.2066238340045,High
2023,January,9,AAPL,129.6919857098399,Low
2023,January,9,AAPL,130.2711033442867,Open
2023,January,9,AMZN,87.36000061035156,Close
2023,January,9,AMZN,89.4800033569336,High
2023,January,9,AMZN,87.08000183105469,Low
2023,January,9,AMZN,87.45999908447266,Open
2023,January,9,GOOG,88.80000305175781,Close
2023,January,9,GOOG,90.83000183105469,High
2023,January,9,GOOG,88.58000183105469,Low
2023,January,9,GOOG,89.19499969482422,Open
2023,January,9,GOOGL,88.0199966430664,Close
2023,January,9,GOOGL,90.05000305175781,High
2023,January,9,GOOGL,87.86000061035156,Low
2023,January,9,GOOGL,88.36000061035156,Open
2023,January,9,META,129.4700012207031,Close
2023,January,9,META,132.9499969482422,High
2023,January,9,META,129.2799987792969,Low
2023,January,9,META,131.1600036621094,Open
2023,January,9,MSFT,226.5525512695312,Close
2023,January,9,MSFT,230.6622680800341,High
2023,January,9,MSFT,225.8443336797743,Low
2023,January,9,MSFT,225.884227045404,Open
2023,January,9,NFLX,315.1700134277344,Close
2023,January,9,NFLX,321.7000122070312,High
2023,January,9,NFLX,313.2200012207031,Low
2023,January,9,NFLX,316.8299865722656,Open
2023,January,10,AAPL,130.5307006835938,Close
2023,January,10,AAPL,131.0598914912432,High
2023,January,10,AAPL,127.9246789625816,Low
2023,January,10,AAPL,130.0614159695608,Open
2023,January,10,AMZN,89.87000274658203,Close
2023,January,10,AMZN,90.19000244140625,High
2023,January,10,AMZN,87.29000091552734,Low
2023,January,10,AMZN,87.56999969482422,Open
2023,January,10,GOOG,89.23999786376953,Close
2023,January,10,GOOG,89.4749984741211,High
2023,January,10,GOOG,86.69999694824219,Low
2023,January,10,GOOG,86.72000122070312,Open
2023,January,10,GOOGL,88.41999816894531,Close
2023,January,10,GOOGL,88.66999816894531,High
2023,January,10,GOOGL,85.83000183105469,Low
2023,January,10,GOOGL,85.9800033569336,Open
2023,January,10,META,132.9900054931641,Close
2023,January,10,META,133.4400024414062,High
2023,January,10,META,127.1500015258789,Low
2023,January,10,META,127.2699966430664,Open
2023,January,10,MSFT,228.2782287597656,Close
2023,January,10,MSFT,230.7320739734528,High
2023,January,10,MSFT,226.7620221887782,Low
2023,January,10,MSFT,227.1909405361198,Open
2023,January,10,NFLX,327.5400085449219,Close
2023,January,10,NFLX,329.3500061035156,High
2023,January,10,NFLX,311.0700073242188,Low
2023,January,10,NFLX,311.0700073242188,Open
2023,January,11,AAPL,133.2864990234375,Close
2023,January,11,AAPL,133.3064575637148,High
2023,January,11,AAPL,130.2611194989873,Low
2023,January,11,AAPL,131.0499084346957,Open
2023,January,11,AMZN,95.08999633789062,Close
2023,January,11,AMZN,95.26000213623047,High
2023,January,11,AMZN,90.93000030517578,Low
2023,January,11,AMZN,90.93000030517578,Open
2023,January,11,GOOG,92.26000213623047,Close
2023,January,11,GOOG,92.44999694824219,High
2023,January,11,GOOG,89.73999786376953,Low
2023,January,11,GOOG,90.05999755859375,Open
2023,January,11,GOOGL,91.5199966430664,Close
2023,January,11,GOOGL,91.5999984741211,High
2023,January,11,GOOGL,89.01000213623047,Low
2023,January,11,GOOGL,89.18000030517578,Open
2023,January,11,META,132.8899993896484,Close
2023,January,11,META,133.8500061035156,High
2023,January,11,META,130.3399963378906,Low
2023,January,11,META,130.9600067138672,Open
2023,January,11,MSFT,235.1809387207031,Close
2023,January,11,MSFT,235.3604816892148,High
2023,January,11,MSFT,230.5325779630289,Low
2023,January,11,MSFT,230.7121209315406,Open
2023,January,11,NFLX,327.260009765625,Close
2023,January,11,NFLX,328.8800048828125,High
2023,January,11,NFLX,321.3500061035156,Low
2023,January,11,NFLX,326.5,Open
2023,January,12,AAPL,133.2066192626953,Close
2023,January,12,AAPL,134.055314290971,High
2023,January,12,AAPL,131.2396213213874,Low
2023,January,12,AAPL,133.6759039635471,Open
2023,January,12,AMZN,95.2699966430664,Close
2023,January,12,AMZN,97.19000244140625,High
2023,January,12,AMZN,93.5,Low
2023,January,12,AMZN,96.93000030517578,Open
2023,January,12,GOOG,91.91000366210938,Close
2023,January,12,GOOG,92.62000274658203,High
2023,January,12,GOOG,90.56999969482422,Low
2023,January,12,GOOG,92.4000015258789,Open
2023,January,12,GOOGL,91.12999725341797,Close
2023,January,12,GOOGL,91.87000274658203,High
2023,January,12,GOOGL,89.75,Low
2023,January,12,GOOGL,91.4800033569336,Open
2023,January,12,META,136.7100067138672,Close
2023,January,12,META,137.6799926757812,High
2023,January,12,META,131.7599945068359,Low
2023,January,12,META,133.4400024414062,Open
2023,January,12,MSFT,237.9140930175781,Close
2023,January,12,MSFT,239.3006195854353,High
2023,January,12,MSFT,232.9764633102114,Low
2023,January,12,MSFT,234.6722129282095,Open
2023,January,12,NFLX,330.1300048828125,Close
2023,January,12,NFLX,332.9500122070312,High
2023,January,12,NFLX,323.1400146484375,Low
2023,January,12,NFLX,332.5,Open
2023,January,13,AAPL,134.5545501708984,Close
2023,January,13,AAPL,134.7143099041903,High
2023,January,13,AAPL,131.4592853248841,Low
2023,January,13,AAPL,131.8287163770357,Open
2023,January,13,AMZN,98.12000274658203,Close
2023,January,13,AMZN,98.37000274658203,High
2023,January,13,AMZN,94.12000274658203,Low
2023,January,13,AMZN,94.18000030517578,Open
2023,January,13,GOOG,92.80000305175781,Close
2023,January,13,GOOG,92.9800033569336,High
2023,January,13,GOOG,90.93000030517578,Low
2023,January,13,GOOG,91.52799987792969,Open
2023,January,13,GOOGL,92.12000274658203,Close
2023,January,13,GOOGL,92.19000244140625,High
2023,January,13,GOOGL,90.12999725341797,Low
2023,January,13,GOOGL,90.8499984741211,Open
2023,January,13,META,136.9799957275391,Close
2023,January,13,META,137.3899993896484,High
2023,January,13,META,134.8399963378906,Low
2023,January,13,META,134.9700012207031,Open
2023,January,13,MSFT,238.6322937011719,Close
2023,January,13,MSFT,238.7719433106072,High
2023,January,13,MSFT,234.3330644171274,Low
2023,January,13,MSFT,236.4078694863567,Open
2023,January,13,NFLX,332.8200073242188,Close
2023,January,13,NFLX,336.6499938964844,High
2023,January,13,NFLX,328.8900146484375,Low
2023,January,13,NFLX,329.9700012207031,Open
2023,January,17,AAPL,135.7327575683594,Close
2023,January,17,AAPL,137.0806903089502,High
2023,January,17,AAPL,133.9255194088204,Low
2023,January,17,AAPL,134.6244491893705,Open
2023,January,17,AMZN,96.05000305175781,Close
2023,January,17,AMZN,98.88999938964844,High
2023,January,17,AMZN,95.7300033569336,Low
2023,January,17,AMZN,98.68000030517578,Open
2023,January,17,GOOG,92.16000366210938,Close
2023,January,17,GOOG,92.97000122070312,High
2023,January,17,GOOG,90.83999633789062,Low
2023,January,17,GOOG,92.77999877929688,Open
2023,January,17,GOOGL,91.29000091552734,Close
2023,January,17,GOOGL,92.25,High
2023,January,17,GOOGL,90.05000305175781,Low
2023,January,17,GOOGL,92.05999755859375,Open
2023,January,17,META,135.3600006103516,Close
2023,January,17,META,136.75,High
2023,January,17,META,134.25,Low
2023,January,17,META,136.1799926757812,Open
2023,January,17,MSFT,239.74951171875,Close
2023,January,17,MSFT,240.3081101702879,High
2023,January,17,MSFT,236.4976468148218,Low
2023,January,17,MSFT,237.3754530790477,Open
2023,January,17,NFLX,326.2200012207031,Close
2023,January,17,NFLX,332.5,High
2023,January,17,NFLX,323.6000061035156,Low
2023,January,17,NFLX,331.0799865722656,Open
2023,January,18,AAPL,135.0038757324219,Close
2023,January,18,AAPL,138.3986862545701,High
2023,January,18,AAPL,134.8241422243761,Low
2023,January,18,AAPL,136.6114218572364,Open
2023,January,18,AMZN,95.45999908447266,Close
2023,January,18,AMZN,99.31999969482422,High
2023,January,18,AMZN,95.37999725341797,Low
2023,January,18,AMZN,97.25,Open
2023,January,18,GOOG,91.77999877929688,Close
2023,January,18,GOOG,93.58799743652344,High
2023,January,18,GOOG,91.4000015258789,Low
2023,January,18,GOOG,92.94000244140625,Open
2023,January,18,GOOGL,91.12000274658203,Close
2023,January,18,GOOGL,92.80000305175781,High
2023,January,18,GOOGL,90.63999938964844,Low
2023,January,18,GOOGL,92.13999938964844,Open
2023,January,18,META,133.0200042724609,Close
2023,January,18,META,137.25,High
2023,January,18,META,132.8000030517578,Low
2023,January,18,META,135.8099975585938,Open
2023,January,18,MSFT,235.2208404541016,Close
2023,January,18,MSFT,241.7744330099402,High
2023,January,18,MSFT,234.9315716987628,Low
2023,January,18,MSFT,240.9664591815581,Open
2023,January,18,NFLX,326.3299865722656,Close
2023,January,18,NFLX,330.0799865722656,High
2023,January,18,NFLX,321.25,Low
2023,January,18,NFLX,326.75,Open
2023,January,19,AAPL,135.0637817382812,Close
2023,January,19,AAPL,136.0422834376098,High
2023,January,19,AAPL,133.5660685261241,Low
2023,January,19,AAPL,133.8755934856189,Open
2023,January,19,AMZN,93.68000030517578,Close
2023,January,19,AMZN,95.44000244140625,High
2023,January,19,AMZN,92.86000061035156,Low
2023,January,19,AMZN,94.73999786376953,Open
2023,January,19,GOOG,93.91000366210938,Close
2023,January,19,GOOG,94.4000015258789,High
2023,January,19,GOOG,91.37999725341797,Low
2023,January,19,GOOG,91.38999938964844,Open
2023,January,19,GOOGL,93.05000305175781,Close
2023,January,19,GOOGL,93.61000061035156,High
2023,January,19,GOOGL,90.62999725341797,Low
2023,January,19,GOOGL,90.72000122070312,Open
2023,January,19,META,136.1499938964844,Close
2023,January,19,META,137.4499969482422,High
2023,January,19,META,132.1399993896484,Low
2023,January,19,META,132.4900054931641,Open
2023,January,19,MSFT,231.3505249023438,Close
2023,January,19,MSFT,234.9315669992078,High
2023,January,19,MSFT,230.1036479771494,Low
2023,January,19,MSFT,233.1959088398977,Open
2023,January,19,NFLX,315.7799987792969,Close
2023,January,19,NFLX,324.8900146484375,High
2023,January,19,NFLX,313.3900146484375,Low
2023,January,19,NFLX,322.5700073242188,Open
2023,January,20,AAPL,137.6598052978516,Close
2023,January,20,AAPL,137.8095857565386,High
2023,January,20,AAPL,134.0153760026934,Low
2023,January,20,AAPL,135.0737575410998,Open
2023,January,20,AMZN,97.25,Close
2023,January,20,AMZN,97.3499984741211,High
2023,January,20,AMZN,93.19999694824219,Low
2023,January,20,AMZN,93.86000061035156,Open
2023,January,20,GOOG,99.27999877929688,Close
2023,January,20,GOOG,99.41999816894531,High
2023,January,20,GOOG,95.91000366210938,Low
2023,January,20,GOOG,95.94999694824219,Open
2023,January,20,GOOGL,98.0199966430664,Close
2023,January,20,GOOGL,98.30000305175781,High
2023,January,20,GOOGL,95.0199966430664,Low
2023,January,20,GOOGL,95.0999984741211,Open
2023,January,20,META,139.3699951171875,Close
2023,January,20,META,139.9400024414062,High
2023,January,20,META,134.6100006103516,Low
2023,January,20,META,135.8899993896484,Open
2023,January,20,MSFT,239.6198272705078,Close
2023,January,20,MSFT,240.1385323463292,High
2023,January,20,MSFT,233.9240866346844,Low
2023,January,20,MSFT,234.273218270859,Open
2023,January,20,NFLX,342.5,Close
2023,January,20,NFLX,344,High
2023,January,20,NFLX,332.6300048828125,Low
2023,January,20,NFLX,336.7900085449219,Open
2023,January,23,AAPL,140.8948822021484,Close
2023,January,23,AAPL,143.1015198201022,High
2023,January,23,AAPL,137.6897690573524,Low
2023,January,23,AAPL,137.9094348920999,Open
2023,January,23,AMZN,97.5199966430664,Close
2023,January,23,AMZN,97.77999877929688,High
2023,January,23,AMZN,95.86000061035156,Low
2023,January,23,AMZN,97.55999755859375,Open
2023,January,23,GOOG,101.2099990844727,Close
2023,January,23,GOOG,101.4000015258789,High
2023,January,23,GOOG,98.75,Low
2023,January,23,GOOG,99.12999725341797,Open
2023,January,23,GOOGL,99.79000091552734,Close
2023,January,23,GOOGL,100.0400009155273,High
2023,January,23,GOOGL,97.5,Low
2023,January,23,GOOGL,97.94999694824219,Open
2023,January,23,META,143.2700042724609,Close
2023,January,23,META,143.7599945068359,High
2023,January,23,META,138.6600036621094,Low
2023,January,23,META,139.2899932861328,Open
2023,January,23,MSFT,241.9739227294922,Close
2023,January,23,MSFT,244.5574480366232,High
2023,January,23,MSFT,239.051235334798,Low
2023,January,23,MSFT,240.4976247283695,Open
2023,January,23,NFLX,357.4200134277344,Close
2023,January,23,NFLX,362.25,High
2023,January,23,NFLX,340.6300048828125,Low
2023,January,23,NFLX,341.7200012207031,Open
2023,January,24,AAPL,142.3127136230469,Close
2023,January,24,AAPL,142.9417580714907,High
2023,January,24,AAPL,140.0861174954113,Low
2023,January,24,AAPL,140.0960967657497,Open
2023,January,24,AMZN,96.31999969482422,Close
2023,January,24,AMZN,98.08999633789062,High
2023,January,24,AMZN,96,Low
2023,January,24,AMZN,96.93000030517578,Open
2023,January,24,GOOG,99.20999908447266,Close
2023,January,24,GOOG,101.0899963378906,High
2023,January,24,GOOG,98.69999694824219,Low
2023,January,24,GOOG,99.55000305175781,Open
2023,January,24,GOOGL,97.69999694824219,Close
2023,January,24,GOOGL,99.61000061035156,High
2023,January,24,GOOGL,97.19999694824219,Low
2023,January,24,GOOGL,98.0999984741211,Open
2023,January,24,META,143.1399993896484,Close
2023,January,24,META,145,High
2023,January,24,META,141.3600006103516,Low
2023,January,24,META,141.6900024414062,Open
2023,January,24,MSFT,241.4352722167969,Close
2023,January,24,MSFT,243.3405038598638,High
2023,January,24,MSFT,239.8392788443947,Low
2023,January,24,MSFT,241.8941296340204,Open
2023,January,24,NFLX,363.8299865722656,Close
2023,January,24,NFLX,365.6499938964844,High
2023,January,24,NFLX,355.1400146484375,Low
2023,January,24,NFLX,357.5299987792969,Open
2023,January,25,AAPL,141.6437377929688,Close
2023,January,25,AAPL,142.2128609165584,High
2023,January,25,AAPL,138.5983844116618,Low
2023,January,25,AAPL,140.6752153202986,Open
2023,January,25,AMZN,97.18000030517578,Close
2023,January,25,AMZN,97.23999786376953,High
2023,January,25,AMZN,91.5199966430664,Low
2023,January,25,AMZN,92.55999755859375,Open
2023,January,25,GOOG,96.7300033569336,Close
2023,January,25,GOOG,97.72000122070312,High
2023,January,25,GOOG,95.26200103759766,Low
2023,January,25,GOOG,97.19999694824219,Open
2023,January,25,GOOGL,95.22000122070312,Close
2023,January,25,GOOGL,96.16000366210938,High
2023,January,25,GOOGL,93.76000213623047,Low
2023,January,25,GOOGL,95.56999969482422,Open
2023,January,25,META,141.5,Close
2023,January,25,META,143.1699981689453,High
2023,January,25,META,140.3099975585938,Low
2023,January,25,META,141.2200012207031,Open
2023,January,25,MSFT,240.0088500976562,Close
2023,January,25,MSFT,242.6921317197171,High
2023,January,25,MSFT,230.3231032877811,Low
2023,January,25,MSFT,233.8941606862239,Open
2023,January,25,NFLX,367.9599914550781,Close
2023,January,25,NFLX,368.8999938964844,High
2023,January,25,NFLX,358.5,Low
2023,January,25,NFLX,360.5700073242188,Open
2023,January,26,AAPL,143.7405395507812,Close
2023,January,26,AAPL,144.0300907418817,High
2023,January,26,AAPL,141.6836672248396,Low
2023,January,26,AAPL,142.9517353746151,Open
2023,January,26,AMZN,99.22000122070312,Close
2023,January,26,AMZN,99.48999786376953,High
2023,January,26,AMZN,96.91999816894531,Low
2023,January,26,AMZN,98.23999786376953,Open
2023,January,26,GOOG,99.16000366210938,Close
2023,January,26,GOOG,99.20999908447266,High
2023,January,26,GOOG,96.81999969482422,Low
2023,January,26,GOOG,98.27999877929688,Open
2023,January,26,GOOGL,97.5199966430664,Close
2023,January,26,GOOGL,97.56999969482422,High
2023,January,26,GOOGL,95.37999725341797,Low
2023,January,26,GOOGL,96.5,Open
2023,January,26,META,147.3000030517578,Close
2023,January,26,META,147.5099945068359,High
2023,January,26,META,143.3000030517578,Low
2023,January,26,META,144.3999938964844,Open
2023,January,26,MSFT,247.3803863525391,Close
2023,January,26,MSFT,247.6896094001732,High
2023,January,26,MSFT,241.3953770053002,Low
2023,January,26,MSFT,243.0412484875245,Open
2023,January,26,NFLX,364.8699951171875,Close
2023,January,26,NFLX,369.0199890136719,High
2023,January,26,NFLX,361.7000122070312,Low
2023,January,26,NFLX,368.7699890136719,Open
2023,January,27,AAPL,145.70751953125,Close
2023,January,27,AAPL,147.0055407027821,High
2023,January,27,AAPL,142.8618735536305,Low
2023,January,27,AAPL,142.94175342032,Open
2023,January,27,AMZN,102.2399978637695,Close
2023,January,27,AMZN,103.4899978637695,High
2023,January,27,AMZN,99.52999877929688,Low
2023,January,27,AMZN,99.52999877929688,Open
2023,January,27,GOOG,100.7099990844727,Close
2023,January,27,GOOG,101.5800018310547,High
2023,January,27,GOOG,98.97000122070312,Low
2023,January,27,GOOG,99.05000305175781,Open
2023,January,27,GOOGL,99.37000274658203,Close
2023,January,27,GOOGL,100.3199996948242,High
2023,January,27,GOOGL,97.30999755859375,Low
2023,January,27,GOOGL,97.30999755859375,Open
2023,January,27,META,151.7400054931641,Close
2023,January,27,META,153.1900024414062,High
2023,January,27,META,147.3899993896484,Low
2023,January,27,META,148.2400054931641,Open
2023,January,27,MSFT,247.5399932861328,Close
2023,January,27,MSFT,249.2058190817008,High
2023,January,27,MSFT,246.2133143714351,Low
2023,January,27,MSFT,248.3679214157862,Open
2023,January,27,NFLX,360.7699890136719,Close
2023,January,27,NFLX,365.9200134277344,High
2023,January,27,NFLX,360.5899963378906,Low
2023,January,27,NFLX,363.2000122070312,Open
2023,January,30,AAPL,142.7819976806641,Close
2023,January,30,AAPL,145.3281132738233,High
2023,January,30,AAPL,142.6322324486365,Low
2023,January,30,AAPL,144.7390163804785,Open
2023,January,30,AMZN,100.5500030517578,Close
2023,January,30,AMZN,101.7399978637695,High
2023,January,30,AMZN,99.01000213623047,Low
2023,January,30,AMZN,101.0899963378906,Open
2023,January,30,GOOG,97.94999694824219,Close
2023,January,30,GOOG,99.40899658203125,High
2023,January,30,GOOG,97.5199966430664,Low
2023,January,30,GOOG,98.74500274658203,Open
2023,January,30,GOOGL,96.94000244140625,Close
2023,January,30,GOOGL,98.29000091552734,High
2023,January,30,GOOGL,96.4000015258789,Low
2023,January,30,GOOGL,97.4800033569336,Open
2023,January,30,META,147.0599975585938,Close
2023,January,30,META,151.1199951171875,High
2023,January,30,META,146.9499969482422,Low
2023,January,30,META,149.4100036621094,Open
2023,January,30,MSFT,242.1036071777344,Close
2023,January,30,MSFT,244.9863860398362,High
2023,January,30,MSFT,241.5948716475209,Low
2023,January,30,MSFT,243.8990977858631,Open
2023,January,30,NFLX,353.1099853515625,Close
2023,January,30,NFLX,360.9500122070312,High
2023,January,30,NFLX,352.8599853515625,Low
2023,January,30,NFLX,358.4400024414062,Open
2023,January,31,AAPL,144.0700225830078,Close
2023,January,31,AAPL,144.1199494049024,High
2023,January,31,AAPL,142.0630923212721,Low
2023,January,31,AAPL,142.4824502012381,Open
2023,January,31,AMZN,103.129997253418,Close
2023,January,31,AMZN,103.3499984741211,High
2023,January,31,AMZN,101.1399993896484,Low
2023,January,31,AMZN,101.1600036621094,Open
2023,January,31,GOOG,99.87000274658203,Close
2023,January,31,GOOG,99.91000366210938,High
2023,January,31,GOOG,97.79000091552734,Low
2023,January,31,GOOG,97.86000061035156,Open
2023,January,31,GOOGL,98.83999633789062,Close
2023,January,31,GOOGL,98.87999725341797,High
2023,January,31,GOOGL,96.81999969482422,Low
2023,January,31,GOOGL,96.87000274658203,Open
2023,January,31,META,148.9700012207031,Close
2023,January,31,META,149.8800048828125,High
2023,January,31,META,147.5200042724609,Low
2023,January,31,META,147.9499969482422,Open
2023,January,31,MSFT,247.1908569335938,Close
2023,January,31,MSFT,247.3305065419159,High
2023,January,31,MSFT,242.3429987866014,Low
2023,January,31,MSFT,242.8417495621328,Open
2023,January,31,NFLX,353.8599853515625,Close
2023,January,31,NFLX,355.9500122070312,High
2023,January,31,NFLX,348.7099914550781,Low
2023,January,31,NFLX,349.9800109863281,Open
2023,February,1,AAPL,145.2082824707031,Close
2023,February,1,AAPL,146.3864914654787,High
2023,February,1,AAPL,141.104562853453,Low
2023,February,1,AAPL,143.7505167944961,Open
2023,February,1,AMZN,105.1500015258789,Close
2023,February,1,AMZN,106.2399978637695,High
2023,February,1,AMZN,101.2399978637695,Low
2023,February,1,AMZN,102.5299987792969,Open
2023,February,1,GOOG,101.4300003051758,Close
2023,February,1,GOOG,102.1900024414062,High
2023,February,1,GOOG,98.41999816894531,Low
2023,February,1,GOOG,99.73999786376953,Open
2023,February,1,GOOGL,100.4300003051758,Close
2023,February,1,GOOGL,101.1900024414062,High
2023,February,1,GOOGL,97.58000183105469,Low
2023,February,1,GOOGL,98.70999908447266,Open
2023,February,1,META,153.1199951171875,Close
2023,February,1,META,153.5800018310547,High
2023,February,1,META,147.0599975585938,Low
2023,February,1,META,148.0299987792969,Open
2023,February,1,MSFT,252.1185150146484,Close
2023,February,1,MSFT,254.5424364584246,High
2023,February,1,MSFT,244.8567049986453,Low
2023,February,1,MSFT,247.3803826849963,Open
2023,February,1,NFLX,361.989990234375,Close
2023,February,1,NFLX,365.3900146484375,High
2023,February,1,NFLX,349.9100036621094,Low
2023,February,1,NFLX,353.8599853515625,Open
2023,February,2,AAPL,150.590087890625,Close
2023,February,2,AAPL,150.9495244580467,High
2023,February,2,AAPL,147.9441185747257,Low
2023,February,2,AAPL,148.6730014512102,Open
2023,February,2,AMZN,112.9100036621094,Close
2023,February,2,AMZN,114,High
2023,February,2,AMZN,108.879997253418,Low
2023,February,2,AMZN,110.25,Open
2023,February,2,GOOG,108.8000030517578,Close
2023,February,2,GOOG,108.8199996948242,High
2023,February,2,GOOG,106.5400009155273,Low
2023,February,2,GOOG,106.7900009155273,Open
2023,February,2,GOOGL,107.7399978637695,Close
2023,February,2,GOOGL,107.8499984741211,High
2023,February,2,GOOGL,105.6100006103516,Low
2023,February,2,GOOGL,105.8000030517578,Open
2023,February,2,META,188.7700042724609,Close
2023,February,2,META,197.1600036621094,High
2023,February,2,META,180.1600036621094,Low
2023,February,2,META,183.3800048828125,Open
2023,February,2,MSFT,263.9389038085938,Close
2023,February,2,MSFT,264.0286752909132,High
2023,February,2,MSFT,256.6072616725409,Low
2023,February,2,MSFT,258.1733463383275,Open
2023,February,2,NFLX,366.8900146484375,Close
2023,February,2,NFLX,368.3200073242188,High
2023,February,2,NFLX,358.4299926757812,Low
2023,February,2,NFLX,365.1600036621094,Open
2023,February,3,AAPL,154.2644653320312,Close
2023,February,3,AAPL,157.1400796582494,High
2023,February,3,AAPL,147.6046355501673,Low
2023,February,3,AAPL,147.8043276038154,Open
2023,February,3,AMZN,103.3899993896484,Close
2023,February,3,AMZN,108.7799987792969,High
2023,February,3,AMZN,102.5199966430664,Low
2023,February,3,AMZN,105.2600021362305,Open
2023,February,3,GOOG,105.2200012207031,Close
2023,February,3,GOOG,108.0199966430664,High
2023,February,3,GOOG,103.3000030517578,Low
2023,February,3,GOOG,103.5100021362305,Open
2023,February,3,GOOGL,104.7799987792969,Close
2023,February,3,GOOGL,107.8099975585938,High
2023,February,3,GOOGL,102.5800018310547,Low
2023,February,3,GOOGL,102.9300003051758,Open
2023,February,3,META,186.5299987792969,Close
2023,February,3,META,196.7700042724609,High
2023,February,3,META,182.8899993896484,Low
2023,February,3,META,183.4700012207031,Open
2023,February,3,MSFT,257.7045288085938,Close
2023,February,3,MSFT,263.5399189027199,High
2023,February,3,MSFT,256.4576518842647,Low
2023,February,3,MSFT,258.8915580758615,Open
2023,February,3,NFLX,365.8999938964844,Close
2023,February,3,NFLX,379.4299926757812,High
2023,February,3,NFLX,359,Low
2023,February,3,NFLX,359.0799865722656,Open
2023,February,6,AAPL,151.4986877441406,Close
2023,February,6,AAPL,152.8666095789834,High
2023,February,6,AAPL,150.5501390387279,Low
2023,February,6,AAPL,152.3374187674734,Open
2023,February,6,AMZN,102.1800003051758,Close
2023,February,6,AMZN,103.9499969482422,High
2023,February,6,AMZN,100.6500015258789,Low
2023,February,6,AMZN,102.9300003051758,Open
2023,February,6,GOOG,103.4700012207031,Close
2023,February,6,GOOG,104.6999969482422,High
2023,February,6,GOOG,102.2099990844727,Low
2023,February,6,GOOG,102.6849975585938,Open
2023,February,6,GOOGL,102.9000015258789,Close
2023,February,6,GOOGL,104.3600006103516,High
2023,February,6,GOOGL,101.879997253418,Low
2023,February,6,GOOGL,102.4000015258789,Open
2023,February,6,META,186.0599975585938,Close
2023,February,6,META,190.6999969482422,High
2023,February,6,META,185.5200042724609,Low
2023,February,6,META,186.5299987792969,Open
2023,February,6,MSFT,256.1284484863281,Close
2023,February,6,MSFT,257.6546245594456,High
2023,February,6,MSFT,254.1434302480547,Low
2023,February,6,MSFT,256.7967878836612,Open
2023,February,6,NFLX,361.4800109863281,Close
2023,February,6,NFLX,368.4500122070312,High
2023,February,6,NFLX,360.6799926757812,Low
2023,February,6,NFLX,363.6400146484375,Open
2023,February,7,AAPL,154.4142303466797,Close
2023,February,7,AAPL,154.9933479663152,High
2023,February,7,AAPL,150.4103490669821,Low
2023,February,7,AAPL,150.4103490669821,Open
2023,February,7,AMZN,102.1100006103516,Close
2023,February,7,AMZN,102.4100036621094,High
2023,February,7,AMZN,98.08000183105469,Low
2023,February,7,AMZN,101.1699981689453,Open
2023,February,7,GOOG,108.0400009155273,Close
2023,February,7,GOOG,108.6699981689453,High
2023,February,7,GOOG,103.5479965209961,Low
2023,February,7,GOOG,103.629997253418,Open
2023,February,7,GOOGL,107.6399993896484,Close
2023,February,7,GOOGL,108.1800003051758,High
2023,February,7,GOOGL,103.120002746582,Low
2023,February,7,GOOGL,103.2200012207031,Open
2023,February,7,META,191.6199951171875,Close
2023,February,7,META,193.7799987792969,High
2023,February,7,META,184.3999938964844,Low
2023,February,7,META,185.5800018310547,Open
2023,February,7,MSFT,266.8915100097656,Close
2023,February,7,MSFT,268.0984783514139,High
2023,February,7,MSFT,259.4301875204292,Low
2023,February,7,MSFT,259.8790753906389,Open
2023,February,7,NFLX,362.9500122070312,Close
2023,February,7,NFLX,364.1799926757812,High
2023,February,7,NFLX,354.1799926757812,Low
2023,February,7,NFLX,358.510009765625,Open
2023,February,8,AAPL,151.6884002685547,Close
2023,February,8,AAPL,154.3443488275137,High
2023,February,8,AAPL,150.939543623132,Low
2023,February,8,AAPL,153.645419005558,Open
2023,February,8,AMZN,100.0500030517578,Close
2023,February,8,AMZN,102.6699981689453,High
2023,February,8,AMZN,98.77999877929688,Low
2023,February,8,AMZN,102.0400009155273,Open
2023,February,8,GOOG,100,Close
2023,February,8,GOOG,103.5800018310547,High
2023,February,8,GOOG,98.45500183105469,Low
2023,February,8,GOOG,102.6900024414062,Open
2023,February,8,GOOGL,99.37000274658203,Close
2023,February,8,GOOGL,103.1399993896484,High
2023,February,8,GOOGL,98.04000091552734,Low
2023,February,8,GOOGL,102.0500030517578,Open
2023,February,8,META,183.4299926757812,Close
2023,February,8,META,190.8300018310547,High
2023,February,8,META,182.9199981689453,Low
2023,February,8,META,190,Open
2023,February,8,MSFT,266.0635986328125,Close
2023,February,8,MSFT,276.068537933172,High
2023,February,8,MSFT,265.5448783458373,Low
2023,February,8,MSFT,272.5174348605897,Open
2023,February,8,NFLX,366.8299865722656,Close
2023,February,8,NFLX,368.1900024414062,High
2023,February,8,NFLX,358.3099975585938,Low
2023,February,8,NFLX,360.0199890136719,Open
2023,February,9,AAPL,150.6399993896484,Close
2023,February,9,AAPL,154.0947314512508,High
2023,February,9,AAPL,150.1906884451105,Low
2023,February,9,AAPL,153.5455668588032,Open
2023,February,9,AMZN,98.23999786376953,Close
2023,February,9,AMZN,101.7799987792969,High
2023,February,9,AMZN,97.56999969482422,Low
2023,February,9,AMZN,101.3199996948242,Open
2023,February,9,GOOG,95.45999908447266,Close
2023,February,9,GOOG,100.6100006103516,High
2023,February,9,GOOG,93.86000061035156,Low
2023,February,9,GOOG,100.5400009155273,Open
2023,February,9,GOOGL,95.01000213623047,Close
2023,February,9,GOOGL,100.0299987792969,High
2023,February,9,GOOGL,93.62999725341797,Low
2023,February,9,GOOGL,100,Open
2023,February,9,META,177.9199981689453,Close
2023,February,9,META,186.6499938964844,High
2023,February,9,META,177.2700042724609,Low
2023,February,9,META,186.1300048828125,Open
2023,February,9,MSFT,262.9613647460938,Close
2023,February,9,MSFT,273.2954970661,High
2023,February,9,MSFT,262.1434061349402,Low
2023,February,9,MSFT,273.1159236441724,Open
2023,February,9,NFLX,362.5,Close
2023,February,9,NFLX,373.8299865722656,High
2023,February,9,NFLX,361.739990234375,Low
2023,February,9,NFLX,372.4100036621094,Open
2023,February,10,AAPL,151.0099945068359,Close
2023,February,10,AAPL,151.3399963378906,High
2023,February,10,AAPL,149.2200012207031,Low
2023,February,10,AAPL,149.4600067138672,Open
2023,February,10,AMZN,97.61000061035156,Close
2023,February,10,AMZN,98.81999969482422,High
2023,February,10,AMZN,96.2300033569336,Low
2023,February,10,AMZN,97.55999755859375,Open
2023,February,10,GOOG,94.86000061035156,Close
2023,February,10,GOOG,97.0199966430664,High
2023,February,10,GOOG,94.52999877929688,Low
2023,February,10,GOOG,95.73999786376953,Open
2023,February,10,GOOGL,94.56999969482422,Close
2023,February,10,GOOGL,96.75,High
2023,February,10,GOOGL,94.25,Low
2023,February,10,GOOGL,95.44999694824219,Open
2023,February,10,META,174.1499938964844,Close
2023,February,10,META,178.8899993896484,High
2023,February,10,META,173.3500061035156,Low
2023,February,10,META,176.3500061035156,Open
2023,February,10,MSFT,262.4426574707031,Close
2023,February,10,MSFT,263.4301742398103,High
2023,February,10,MSFT,260.0087513129598,Low
2023,February,10,MSFT,260.8765727696092,Open
2023,February,10,NFLX,347.3599853515625,Close
2023,February,10,NFLX,362.1400146484375,High
2023,February,10,NFLX,347.1400146484375,Low
2023,February,10,NFLX,359.1600036621094,Open
2023,February,13,AAPL,153.8500061035156,Close
2023,February,13,AAPL,154.2599945068359,High
2023,February,13,AAPL,150.9199981689453,Low
2023,February,13,AAPL,150.9499969482422,Open
2023,February,13,AMZN,99.54000091552734,Close
2023,February,13,AMZN,99.68000030517578,High
2023,February,13,AMZN,96.91000366210938,Low
2023,February,13,AMZN,97.8499984741211,Open
2023,February,13,GOOG,95,Close
2023,February,13,GOOG,95.3499984741211,High
2023,February,13,GOOG,94.05000305175781,Low
2023,February,13,GOOG,95.01000213623047,Open
2023,February,13,GOOGL,94.61000061035156,Close
2023,February,13,GOOGL,95.19999694824219,High
2023,February,13,GOOGL,93.83999633789062,Low
2023,February,13,GOOGL,94.73999786376953,Open
2023,February,13,META,179.4299926757812,Close
2023,February,13,META,181,High
2023,February,13,META,175.8200073242188,Low
2023,February,13,META,178.2200012207031,Open
2023,February,13,MSFT,270.6421203613281,Close
2023,February,13,MSFT,273.9139241371208,High
2023,February,13,MSFT,266.4825256187679,Low
2023,February,13,MSFT,266.9713220648448,Open
2023,February,13,NFLX,358.5700073242188,Close
2023,February,13,NFLX,359.7000122070312,High
2023,February,13,NFLX,344.25,Low
2023,February,13,NFLX,349.5,Open
2023,February,14,AAPL,153.1999969482422,Close
2023,February,14,AAPL,153.7700042724609,High
2023,February,14,AAPL,150.8600006103516,Low
2023,February,14,AAPL,152.1199951171875,Open
2023,February,14,AMZN,99.69999694824219,Close
2023,February,14,AMZN,100.9199981689453,High
2023,February,14,AMZN,97.5199966430664,Low
2023,February,14,AMZN,98.41000366210938,Open
2023,February,14,GOOG,94.94999694824219,Close
2023,February,14,GOOG,95.17500305175781,High
2023,February,14,GOOG,92.6500015258789,Low
2023,February,14,GOOG,94.66000366210938,Open
2023,February,14,GOOGL,94.68000030517578,Close
2023,February,14,GOOGL,94.8499984741211,High
2023,February,14,GOOGL,92.26000213623047,Low
2023,February,14,GOOGL,94.43000030517578,Open
2023,February,14,META,179.4799957275391,Close
2023,February,14,META,181.5099945068359,High
2023,February,14,META,175.8800048828125,Low
2023,February,14,META,177.1600036621094,Open
2023,February,14,MSFT,271.4900207519531,Close
2023,February,14,MSFT,274.2830130233818,High
2023,February,14,MSFT,268.6072265491815,Low
2023,February,14,MSFT,271.988771546232,Open
2023,February,14,NFLX,359.9599914550781,Close
2023,February,14,NFLX,363.75,High
2023,February,14,NFLX,353.3999938964844,Low
2023,February,14,NFLX,357.5499877929688,Open
2023,February,15,AAPL,155.3300018310547,Close
2023,February,15,AAPL,155.5,High
2023,February,15,AAPL,152.8800048828125,Low
2023,February,15,AAPL,153.1100006103516,Open
2023,February,15,AMZN,101.1600036621094,Close
2023,February,15,AMZN,101.1699981689453,High
2023,February,15,AMZN,98.44999694824219,Low
2023,February,15,AMZN,99.08999633789062,Open
2023,February,15,GOOG,97.0999984741211,Close
2023,February,15,GOOG,97.33999633789062,High
2023,February,15,GOOG,94.36000061035156,Low
2023,February,15,GOOG,94.73999786376953,Open
2023,February,15,GOOGL,96.94000244140625,Close
2023,February,15,GOOGL,97.12000274658203,High
2023,February,15,GOOGL,94.1500015258789,Low
2023,February,15,GOOGL,94.48999786376953,Open
2023,February,15,META,177.1600036621094,Close
2023,February,15,META,178.1900024414062,High
2023,February,15,META,175.3300018310547,Low
2023,February,15,META,176.4199981689453,Open
2023,February,15,MSFT,269.3200073242188,Close
2023,February,15,MSFT,270.7300109863281,High
2023,February,15,MSFT,266.1799926757812,Low
2023,February,15,MSFT,268.3200073242188,Open
2023,February,15,NFLX,361.4200134277344,Close
2023,February,15,NFLX,362.8800048828125,High
2023,February,15,NFLX,354.239990234375,Low
2023,February,15,NFLX,356.6300048828125,Open
2023,February,16,AAPL,153.7100067138672,Close
2023,February,16,AAPL,156.3300018310547,High
2023,February,16,AAPL,153.3500061035156,Low
2023,February,16,AAPL,153.5099945068359,Open
2023,February,16,AMZN,98.1500015258789,Close
2023,February,16,AMZN,100.629997253418,High
2023,February,16,AMZN,98.0999984741211,Low
2023,February,16,AMZN,99.20999908447266,Open
2023,February,16,GOOG,95.77999877929688,Close
2023,February,16,GOOG,97.87999725341797,High
2023,February,16,GOOG,94.97000122070312,Low
2023,February,16,GOOG,95.54000091552734,Open
2023,February,16,GOOGL,95.51000213623047,Close
2023,February,16,GOOGL,97.68000030517578,High
2023,February,16,GOOGL,94.73999786376953,Low
2023,February,16,GOOGL,95.37000274658203,Open
2023,February,16,META,172.4400024414062,Close
2023,February,16,META,175.8500061035156,High
2023,February,16,META,171.7899932861328,Low
2023,February,16,META,172.75,Open
2023,February,16,MSFT,262.1499938964844,Close
2023,February,16,MSFT,266.739990234375,High
2023,February,16,MSFT,261.8999938964844,Low
2023,February,16,MSFT,264.0199890136719,Open
2023,February,16,NFLX,350.7099914550781,Close
2023,February,16,NFLX,361.5,High
2023,February,16,NFLX,350.3099975585938,Low
2023,February,16,NFLX,355,Open
2023,February,17,AAPL,152.5500030517578,Close
2023,February,17,AAPL,153,High
2023,February,17,AAPL,150.8500061035156,Low
2023,February,17,AAPL,152.3500061035156,Open
2023,February,17,AMZN,97.19999694824219,Close
2023,February,17,AMZN,97.94000244140625,High
2023,February,17,AMZN,95.6500015258789,Low
2023,February,17,AMZN,97.80000305175781,Open
2023,February,17,GOOG,94.58999633789062,Close
2023,February,17,GOOG,95.75,High
2023,February,17,GOOG,93.44999694824219,Low
2023,February,17,GOOG,95.06999969482422,Open
2023,February,17,GOOGL,94.3499984741211,Close
2023,February,17,GOOGL,95.55999755859375,High
2023,February,17,GOOGL,93.20999908447266,Low
2023,February,17,GOOGL,94.8499984741211,Open
2023,February,17,META,172.8800048828125,Close
2023,February,17,META,173.1799926757812,High
2023,February,17,META,169.6999969482422,Low
2023,February,17,META,170.2200012207031,Open
2023,February,17,MSFT,258.0599975585938,Close
2023,February,17,MSFT,260.0899963378906,High
2023,February,17,MSFT,256,Low
2023,February,17,MSFT,259.3900146484375,Open
2023,February,17,NFLX,347.9599914550781,Close
2023,February,17,NFLX,349,High
2023,February,17,NFLX,342.4400024414062,Low
2023,February,17,NFLX,347.9100036621094,Open
2023,February,21,AAPL,148.4799957275391,Close
2023,February,21,AAPL,151.3000030517578,High
2023,February,21,AAPL,148.4100036621094,Low
2023,February,21,AAPL,150.1999969482422,Open
2023,February,21,AMZN,94.58000183105469,Close
2023,February,21,AMZN,95.61000061035156,High
2023,February,21,AMZN,94.2699966430664,Low
2023,February,21,AMZN,95.33999633789062,Open
2023,February,21,GOOG,92.05000305175781,Close
2023,February,21,GOOG,93.41500091552734,High
2023,February,21,GOOG,92,Low
2023,February,21,GOOG,93.23999786376953,Open
2023,February,21,GOOGL,91.79000091552734,Close
2023,February,21,GOOGL,93.0999984741211,High
2023,February,21,GOOGL,91.72000122070312,Low
2023,February,21,GOOGL,93,Open
2023,February,21,META,172.0800018310547,Close
2023,February,21,META,178.1699981689453,High
2023,February,21,META,171.8800048828125,Low
2023,February,21,META,174.3099975585938,Open
2023,February,21,MSFT,252.6699981689453,Close
2023,February,21,MSFT,255.4900054931641,High
2023,February,21,MSFT,251.5899963378906,Low
2023,February,21,MSFT,254.4799957275391,Open
2023,February,21,NFLX,337.5,Close
2023,February,21,NFLX,344.1300048828125,High
2023,February,21,NFLX,336.4200134277344,Low
2023,February,21,NFLX,342.8500061035156,Open
2023,February,22,AAPL,148.9100036621094,Close
2023,February,22,AAPL,149.9499969482422,High
2023,February,22,AAPL,147.1600036621094,Low
2023,February,22,AAPL,148.8699951171875,Open
2023,February,22,AMZN,95.79000091552734,Close
2023,February,22,AMZN,97.01000213623047,High
2023,February,22,AMZN,94.80000305175781,Low
2023,February,22,AMZN,95.0999984741211,Open
2023,February,22,GOOG,91.80000305175781,Close
2023,February,22,GOOG,92.36000061035156,High
2023,February,22,GOOG,90.87000274658203,Low
2023,February,22,GOOG,91.93399810791016,Open
2023,February,22,GOOGL,91.6500015258789,Close
2023,February,22,GOOGL,92.11000061035156,High
2023,February,22,GOOGL,90.61000061035156,Low
2023,February,22,GOOGL,91.69999694824219,Open
2023,February,22,META,171.1199951171875,Close
2023,February,22,META,172.7599945068359,High
2023,February,22,META,169.6900024414062,Low
2023,February,22,META,171.0700073242188,Open
2023,February,22,MSFT,251.5099945068359,Close
2023,February,22,MSFT,254.3399963378906,High
2023,February,22,MSFT,250.3399963378906,Low
2023,February,22,MSFT,254.0899963378906,Open
2023,February,22,NFLX,334.8800048828125,Close
2023,February,22,NFLX,341.9100036621094,High
2023,February,22,NFLX,332.8200073242188,Low
2023,February,22,NFLX,337.5,Open
2023,February,23,AAPL,149.3999938964844,Close
2023,February,23,AAPL,150.3399963378906,High
2023,February,23,AAPL,147.2400054931641,Low
2023,February,23,AAPL,150.0899963378906,Open
2023,February,23,AMZN,95.81999969482422,Close
2023,February,23,AMZN,96.43000030517578,High
2023,February,23,AMZN,93.66999816894531,Low
2023,February,23,AMZN,96.12000274658203,Open
2023,February,23,GOOG,91.06999969482422,Close
2023,February,23,GOOG,92.12999725341797,High
2023,February,23,GOOG,90.01000213623047,Low
2023,February,23,GOOG,92.12999725341797,Open
2023,February,23,GOOGL,90.88999938964844,Close
2023,February,23,GOOGL,91.94000244140625,High
2023,February,23,GOOGL,89.76000213623047,Low
2023,February,23,GOOGL,91.91999816894531,Open
2023,February,23,META,172.0399932861328,Close
2023,February,23,META,173.6900024414062,High
2023,February,23,META,169.3800048828125,Low
2023,February,23,META,172,Open
2023,February,23,MSFT,254.7700042724609,Close
2023,February,23,MSFT,256.8399963378906,High
2023,February,23,MSFT,250.4799957275391,Low
2023,February,23,MSFT,255.5599975585938,Open
2023,February,23,NFLX,323.6499938964844,Close
2023,February,23,NFLX,331.2799987792969,High
2023,February,23,NFLX,314.2999877929688,Low
2023,February,23,NFLX,331.2300109863281,Open
2023,February,24,AAPL,146.7100067138672,Close
2023,February,24,AAPL,147.1900024414062,High
2023,February,24,AAPL,145.7200012207031,Low
2023,February,24,AAPL,147.1100006103516,Open
2023,February,24,AMZN,93.5,Close
2023,February,24,AMZN,94.13999938964844,High
2023,February,24,AMZN,92.31999969482422,Low
2023,February,24,AMZN,93.52999877929688,Open
2023,February,24,GOOG,89.3499984741211,Close
2023,February,24,GOOG,90.12999725341797,High
2023,February,24,GOOG,88.86000061035156,Low
2023,February,24,GOOG,89.62999725341797,Open
2023,February,24,GOOGL,89.12999725341797,Close
2023,February,24,GOOGL,89.88999938964844,High
2023,February,24,GOOGL,88.58000183105469,Low
2023,February,24,GOOGL,89.44000244140625,Open
2023,February,24,META,170.3899993896484,Close
2023,February,24,META,170.7200012207031,High
2023,February,24,META,167.6600036621094,Low
2023,February,24,META,168.6399993896484,Open
2023,February,24,MSFT,249.2200012207031,Close
2023,February,24,MSFT,251,High
2023,February,24,MSFT,248.1000061035156,Low
2023,February,24,MSFT,249.9600067138672,Open
2023,February,24,NFLX,317.1499938964844,Close
2023,February,24,NFLX,321.5,High
2023,February,24,NFLX,314.5199890136719,Low
2023,February,24,NFLX,319.2999877929688,Open
2023,February,27,AAPL,147.9199981689453,Close
2023,February,27,AAPL,149.1699981689453,High
2023,February,27,AAPL,147.4499969482422,Low
2023,February,27,AAPL,147.7100067138672,Open
2023,February,27,AMZN,93.76000213623047,Close
2023,February,27,AMZN,94.77999877929688,High
2023,February,27,AMZN,93.13999938964844,Low
2023,February,27,AMZN,94.27999877929688,Open
2023,February,27,GOOG,90.0999984741211,Close
2023,February,27,GOOG,90.44999694824219,High
2023,February,27,GOOG,89.61000061035156,Low
2023,February,27,GOOG,90.08999633789062,Open
2023,February,27,GOOGL,89.87000274658203,Close
2023,February,27,GOOGL,90.16000366210938,High
2023,February,27,GOOGL,89.33999633789062,Low
2023,February,27,GOOGL,89.87000274658203,Open
2023,February,27,META,169.5399932861328,Close
2023,February,27,META,173.1199951171875,High
2023,February,27,META,169.0599975585938,Low
2023,February,27,META,171.8800048828125,Open
2023,February,27,MSFT,250.1600036621094,Close
2023,February,27,MSFT,252.8200073242188,High
2023,February,27,MSFT,249.3899993896484,Low
2023,February,27,MSFT,252.4600067138672,Open
2023,February,27,NFLX,323.0299987792969,Close
2023,February,27,NFLX,330,High
2023,February,27,NFLX,322.1199951171875,Low
2023,February,27,NFLX,323.8699951171875,Open
2023,February,28,AAPL,147.4100036621094,Close
2023,February,28,AAPL,149.0800018310547,High
2023,February,28,AAPL,146.8300018310547,Low
2023,February,28,AAPL,147.0500030517578,Open
2023,February,28,AMZN,94.2300033569336,Close
2023,February,28,AMZN,94.69000244140625,High
2023,February,28,AMZN,92.91999816894531,Low
2023,February,28,AMZN,93.13999938964844,Open
2023,February,28,GOOG,90.30000305175781,Close
2023,February,28,GOOG,91.44999694824219,High
2023,February,28,GOOG,89.5199966430664,Low
2023,February,28,GOOG,89.54000091552734,Open
2023,February,28,GOOGL,90.05999755859375,Close
2023,February,28,GOOGL,91.2300033569336,High
2023,February,28,GOOGL,89.31999969482422,Low
2023,February,28,GOOGL,89.33000183105469,Open
2023,February,28,META,174.9400024414062,Close
2023,February,28,META,177.5500030517578,High
2023,February,28,META,171.8699951171875,Low
2023,February,28,META,171.8999938964844,Open
2023,February,28,MSFT,249.4199981689453,Close
2023,February,28,MSFT,251.4900054931641,High
2023,February,28,MSFT,248.7299957275391,Low
2023,February,28,MSFT,249.0700073242188,Open
2023,February,28,NFLX,322.1300048828125,Close
2023,February,28,NFLX,327.6199951171875,High
2023,February,28,NFLX,321.1700134277344,Low
2023,February,28,NFLX,323.7000122070312,Open
2023,March,1,AAPL,145.3099975585938,Close
2023,March,1,AAPL,147.2299957275391,High
2023,March,1,AAPL,145.0099945068359,Low
2023,March,1,AAPL,146.8300018310547,Open
2023,March,1,AMZN,92.16999816894531,Close
2023,March,1,AMZN,94.68000030517578,High
2023,March,1,AMZN,91.58999633789062,Low
2023,March,1,AMZN,93.87000274658203,Open
2023,March,1,GOOG,90.51000213623047,Close
2023,March,1,GOOG,91.19999694824219,High
2023,March,1,GOOG,89.8499984741211,Low
2023,March,1,GOOG,90.16000366210938,Open
2023,March,1,GOOGL,90.36000061035156,Close
2023,March,1,GOOGL,91.02999877929688,High
2023,March,1,GOOGL,89.66999816894531,Low
2023,March,1,GOOGL,89.9800033569336,Open
2023,March,1,META,173.4199981689453,Close
2023,March,1,META,177.8500061035156,High
2023,March,1,META,173.0500030517578,Low
2023,March,1,META,174.5899963378906,Open
2023,March,1,MSFT,246.2700042724609,Close
2023,March,1,MSFT,250.9299926757812,High
2023,March,1,MSFT,245.7899932861328,Low
2023,March,1,MSFT,250.7599945068359,Open
2023,March,1,NFLX,313.4800109863281,Close
2023,March,1,NFLX,326.6000061035156,High
2023,March,1,NFLX,312.3599853515625,Low
2023,March,1,NFLX,321.5499877929688,Open
2023,March,2,AAPL,145.9100036621094,Close
2023,March,2,AAPL,146.7100067138672,High
2023,March,2,AAPL,143.8999938964844,Low
2023,March,2,AAPL,144.3800048828125,Open
2023,March,2,AMZN,92.12999725341797,Close
2023,March,2,AMZN,92.2300033569336,High
2023,March,2,AMZN,90.38999938964844,Low
2023,March,2,AMZN,91.41000366210938,Open
2023,March,2,GOOG,92.30999755859375,Close
2023,March,2,GOOG,92.4800033569336,High
2023,March,2,GOOG,89.7699966430664,Low
2023,March,2,GOOG,89.86000061035156,Open
2023,March,2,GOOGL,92,Close
2023,March,2,GOOGL,92.27999877929688,High
2023,March,2,GOOGL,89.58999633789062,Low
2023,March,2,GOOGL,89.66000366210938,Open
2023,March,2,META,174.5299987792969,Close
2023,March,2,META,175.0099945068359,High
2023,March,2,META,171.4299926757812,Low
2023,March,2,META,172.3800048828125,Open
2023,March,2,MSFT,251.1100006103516,Close
2023,March,2,MSFT,251.3999938964844,High
2023,March,2,MSFT,245.6100006103516,Low
2023,March,2,MSFT,246.5500030517578,Open
2023,March,2,NFLX,311.8800048828125,Close
2023,March,2,NFLX,315.5700073242188,High
2023,March,2,NFLX,310.3800048828125,Low
2023,March,2,NFLX,310.9599914550781,Open
2023,March,3,AAPL,151.0299987792969,Close
2023,March,3,AAPL,151.1100006103516,High
2023,March,3,AAPL,147.3300018310547,Low
2023,March,3,AAPL,148.0399932861328,Open
2023,March,3,AMZN,94.9000015258789,Close
2023,March,3,AMZN,94.94000244140625,High
2023,March,3,AMZN,92.66000366210938,Low
2023,March,3,AMZN,92.73999786376953,Open
2023,March,3,GOOG,94.0199966430664,Close
2023,March,3,GOOG,94.11000061035156,High
2023,March,3,GOOG,92.66000366210938,Low
2023,March,3,GOOG,92.73999786376953,Open
2023,March,3,GOOGL,93.6500015258789,Close
2023,March,3,GOOGL,93.7300033569336,High
2023,March,3,GOOGL,92.44999694824219,Low
2023,March,3,GOOGL,92.4800033569336,Open
2023,March,3,META,185.25,Close
2023,March,3,META,186.6199951171875,High
2023,March,3,META,177.0500030517578,Low
2023,March,3,META,178.9199981689453,Open
2023,March,3,MSFT,255.2899932861328,Close
2023,March,3,MSFT,255.6199951171875,High
2023,March,3,MSFT,251.3899993896484,Low
2023,March,3,MSFT,252.1900024414062,Open
2023,March,3,NFLX,315.1799926757812,Close
2023,March,3,NFLX,317.489990234375,High
2023,March,3,NFLX,310.8200073242188,Low
2023,March,3,NFLX,315.4500122070312,Open
2023,March,6,AAPL,153.8300018310547,Close
2023,March,6,AAPL,156.3000030517578,High
2023,March,6,AAPL,153.4600067138672,Low
2023,March,6,AAPL,153.7899932861328,Open
2023,March,6,AMZN,93.75,Close
2023,March,6,AMZN,96.55000305175781,High
2023,March,6,AMZN,93.73999786376953,Low
2023,March,6,AMZN,95.19000244140625,Open
2023,March,6,GOOG,95.58000183105469,Close
2023,March,6,GOOG,96.30000305175781,High
2023,March,6,GOOG,94.30000305175781,Low
2023,March,6,GOOG,94.36000061035156,Open
2023,March,6,GOOGL,95.12999725341797,Close
2023,March,6,GOOGL,95.97000122070312,High
2023,March,6,GOOGL,94,Low
2023,March,6,GOOGL,94.0199966430664,Open
2023,March,6,META,184.8999938964844,Close
2023,March,6,META,189.6600036621094,High
2023,March,6,META,184.6399993896484,Low
2023,March,6,META,188,Open
2023,March,6,MSFT,256.8699951171875,Close
2023,March,6,MSFT,260.1199951171875,High
2023,March,6,MSFT,255.9799957275391,Low
2023,March,6,MSFT,256.4299926757812,Open
2023,March,6,NFLX,312.0299987792969,Close
2023,March,6,NFLX,323.2999877929688,High
2023,March,6,NFLX,311.8399963378906,Low
2023,March,6,NFLX,317,Open
2023,March,7,AAPL,151.6000061035156,Close
2023,March,7,AAPL,154.0299987792969,High
2023,March,7,AAPL,151.1300048828125,Low
2023,March,7,AAPL,153.6999969482422,Open
2023,March,7,AMZN,93.55000305175781,Close
2023,March,7,AMZN,95.08999633789062,High
2023,March,7,AMZN,92.77999877929688,Low
2023,March,7,AMZN,94.05999755859375,Open
2023,March,7,GOOG,94.16999816894531,Close
2023,March,7,GOOG,96.08999633789062,High
2023,March,7,GOOG,93.84400177001953,Low
2023,March,7,GOOG,95.41999816894531,Open
2023,March,7,GOOGL,93.86000061035156,Close
2023,March,7,GOOGL,95.66999816894531,High
2023,March,7,GOOGL,93.52999877929688,Low
2023,March,7,GOOGL,94.9800033569336,Open
2023,March,7,META,184.5099945068359,Close
2023,March,7,META,190.3600006103516,High
2023,March,7,META,184.0099945068359,Low
2023,March,7,META,189,Open
2023,March,7,MSFT,254.1499938964844,Close
2023,March,7,MSFT,257.6900024414062,High
2023,March,7,MSFT,253.3899993896484,Low
2023,March,7,MSFT,256.2999877929688,Open
2023,March,7,NFLX,308.4700012207031,Close
2023,March,7,NFLX,314.2999877929688,High
2023,March,7,NFLX,306.6199951171875,Low
2023,March,7,NFLX,312.6799926757812,Open
2023,March,8,AAPL,152.8699951171875,Close
2023,March,8,AAPL,153.4700012207031,High
2023,March,8,AAPL,151.8300018310547,Low
2023,March,8,AAPL,152.8099975585938,Open
2023,March,8,AMZN,93.91999816894531,Close
2023,March,8,AMZN,94.16999816894531,High
2023,March,8,AMZN,92.18000030517578,Low
2023,March,8,AMZN,93.5999984741211,Open
2023,March,8,GOOG,94.6500015258789,Close
2023,March,8,GOOG,96.23999786376953,High
2023,March,8,GOOG,94.40499877929688,Low
2023,March,8,GOOG,94.40499877929688,Open
2023,March,8,GOOGL,94.25,Close
2023,March,8,GOOGL,95.95999908447266,High
2023,March,8,GOOGL,94,Low
2023,March,8,GOOGL,94.12000274658203,Open
2023,March,8,META,184.9700012207031,Close
2023,March,8,META,185.2599945068359,High
2023,March,8,META,181.3399963378906,Low
2023,March,8,META,182.8699951171875,Open
2023,March,8,MSFT,253.6999969482422,Close
2023,March,8,MSFT,254.5399932861328,High
2023,March,8,MSFT,250.8099975585938,Low
2023,March,8,MSFT,254.0399932861328,Open
2023,March,8,NFLX,311.7900085449219,Close
2023,March,8,NFLX,311.8299865722656,High
2023,March,8,NFLX,305.75,Low
2023,March,8,NFLX,309.2900085449219,Open
2023,March,9,AAPL,150.5899963378906,Close
2023,March,9,AAPL,154.5399932861328,High
2023,March,9,AAPL,150.2299957275391,Low
2023,March,9,AAPL,153.5599975585938,Open
2023,March,9,AMZN,92.25,Close
2023,March,9,AMZN,96.20999908447266,High
2023,March,9,AMZN,92.18000030517578,Low
2023,March,9,AMZN,93.68000030517578,Open
2023,March,9,GOOG,92.66000366210938,Close
2023,March,9,GOOG,95.91999816894531,High
2023,March,9,GOOG,92.3550033569336,Low
2023,March,9,GOOG,94.48999786376953,Open
2023,March,9,GOOGL,92.31999969482422,Close
2023,March,9,GOOGL,95.52999877929688,High
2023,March,9,GOOGL,91.9000015258789,Low
2023,March,9,GOOGL,94.05000305175781,Open
2023,March,9,META,181.6900024414062,Close
2023,March,9,META,188.9299926757812,High
2023,March,9,META,180.3000030517578,Low
2023,March,9,META,186.3500061035156,Open
2023,March,9,MSFT,252.3200073242188,Close
2023,March,9,MSFT,259.5599975585938,High
2023,March,9,MSFT,251.5800018310547,Low
2023,March,9,MSFT,255.8200073242188,Open
2023,March,9,NFLX,297.7799987792969,Close
2023,March,9,NFLX,312.510009765625,High
2023,March,9,NFLX,294.8800048828125,Low
2023,March,9,NFLX,312.0799865722656,Open
2023,March,10,AAPL,148.5,Close
2023,March,10,AAPL,150.9400024414062,High
2023,March,10,AAPL,147.6100006103516,Low
2023,March,10,AAPL,150.2100067138672,Open
2023,March,10,AMZN,90.7300033569336,Close
2023,March,10,AMZN,93.56999969482422,High
2023,March,10,AMZN,90.25,Low
2023,March,10,AMZN,92.66999816894531,Open
2023,March,10,GOOG,91.01000213623047,Close
2023,March,10,GOOG,93.18000030517578,High
2023,March,10,GOOG,90.80000305175781,Low
2023,March,10,GOOG,92.5,Open
2023,March,10,GOOGL,90.62999725341797,Close
2023,March,10,GOOGL,92.79000091552734,High
2023,March,10,GOOGL,90.4000015258789,Low
2023,March,10,GOOGL,92.16999816894531,Open
2023,March,10,META,179.5099945068359,Close
2023,March,10,META,184.7700042724609,High
2023,March,10,META,178.8000030517578,Low
2023,March,10,META,181.0099945068359,Open
2023,March,10,MSFT,248.5899963378906,Close
2023,March,10,MSFT,252.7899932861328,High
2023,March,10,MSFT,247.6000061035156,Low
2023,March,10,MSFT,251.0800018310547,Open
2023,March,10,NFLX,292.760009765625,Close
2023,March,10,NFLX,298.7900085449219,High
2023,March,10,NFLX,289,Low
2023,March,10,NFLX,297.8999938964844,Open
2023,March,13,AAPL,150.4700012207031,Close
2023,March,13,AAPL,153.1399993896484,High
2023,March,13,AAPL,147.6999969482422,Low
2023,March,13,AAPL,147.8099975585938,Open
2023,March,13,AMZN,92.43000030517578,Close
2023,March,13,AMZN,94.0199966430664,High
2023,March,13,AMZN,88.12000274658203,Low
2023,March,13,AMZN,89.97000122070312,Open
2023,March,13,GOOG,91.66000366210938,Close
2023,March,13,GOOG,93.08000183105469,High
2023,March,13,GOOG,89.94000244140625,Low
2023,March,13,GOOG,90.56500244140625,Open
2023,March,13,GOOGL,91.11000061035156,Close
2023,March,13,GOOGL,92.56999969482422,High
2023,March,13,GOOGL,89.41999816894531,Low
2023,March,13,GOOGL,90.08999633789062,Open
2023,March,13,META,180.8999938964844,Close
2023,March,13,META,183.7799987792969,High
2023,March,13,META,174.8200073242188,Low
2023,March,13,META,177.9600067138672,Open
2023,March,13,MSFT,253.9199981689453,Close
2023,March,13,MSFT,257.9100036621094,High
2023,March,13,MSFT,245.7299957275391,Low
2023,March,13,MSFT,247.3999938964844,Open
2023,March,13,NFLX,293.510009765625,Close
2023,March,13,NFLX,299.239990234375,High
2023,March,13,NFLX,285.3299865722656,Low
2023,March,13,NFLX,287.3399963378906,Open
2023,March,14,AAPL,152.5899963378906,Close
2023,March,14,AAPL,153.3999938964844,High
2023,March,14,AAPL,150.1000061035156,Low
2023,March,14,AAPL,151.2799987792969,Open
2023,March,14,AMZN,94.87999725341797,Close
2023,March,14,AMZN,95.06999969482422,High
2023,March,14,AMZN,92.70999908447266,Low
2023,March,14,AMZN,93.83000183105469,Open
2023,March,14,GOOG,94.25,Close
2023,March,14,GOOG,94.83000183105469,High
2023,March,14,GOOG,92.77999877929688,Low
2023,March,14,GOOG,93.06999969482422,Open
2023,March,14,GOOGL,93.97000122070312,Close
2023,March,14,GOOGL,94.36000061035156,High
2023,March,14,GOOGL,92.44000244140625,Low
2023,March,14,GOOGL,92.55999755859375,Open
2023,March,14,META,194.0200042724609,Close
2023,March,14,META,194.3200073242188,High
2023,March,14,META,186.5599975585938,Low
2023,March,14,META,187.5800018310547,Open
2023,March,14,MSFT,260.7900085449219,Close
2023,March,14,MSFT,261.0700073242188,High
2023,March,14,MSFT,255.8600006103516,Low
2023,March,14,MSFT,256.75,Open
2023,March,14,NFLX,294.9400024414062,Close
2023,March,14,NFLX,297.4500122070312,High
2023,March,14,NFLX,290.3099975585938,Low
2023,March,14,NFLX,295.9700012207031,Open
2023,March,15,AAPL,152.9900054931641,Close
2023,March,15,AAPL,153.25,High
2023,March,15,AAPL,149.9199981689453,Low
2023,March,15,AAPL,151.1900024414062,Open
2023,March,15,AMZN,96.19999694824219,Close
2023,March,15,AMZN,96.66999816894531,High
2023,March,15,AMZN,93.06999969482422,Low
2023,March,15,AMZN,93.22000122070312,Open
2023,March,15,GOOG,96.55000305175781,Close
2023,March,15,GOOG,97.25,High
2023,March,15,GOOG,93.04000091552734,Low
2023,March,15,GOOG,93.54000091552734,Open
2023,March,15,GOOGL,96.11000061035156,Close
2023,March,15,GOOGL,96.93000030517578,High
2023,March,15,GOOGL,92.63999938964844,Low
2023,March,15,GOOGL,93.22000122070312,Open
2023,March,15,META,197.75,Close
2023,March,15,META,197.7799987792969,High
2023,March,15,META,190.8399963378906,Low
2023,March,15,META,192.9499969482422,Open
2023,March,15,MSFT,265.4400024414062,Close
2023,March,15,MSFT,266.4800109863281,High
2023,March,15,MSFT,259.2099914550781,Low
2023,March,15,MSFT,259.9800109863281,Open
2023,March,15,NFLX,303.7900085449219,Close
2023,March,15,NFLX,306.3099975585938,High
2023,March,15,NFLX,292.2799987792969,Low
2023,March,15,NFLX,292.510009765625,Open
2023,March,16,AAPL,155.8500061035156,Close
2023,March,16,AAPL,156.4600067138672,High
2023,March,16,AAPL,151.6399993896484,Low
2023,March,16,AAPL,152.1600036621094,Open
2023,March,16,AMZN,100.0400009155273,Close
2023,March,16,AMZN,100.9899978637695,High
2023,March,16,AMZN,95.61000061035156,Low
2023,March,16,AMZN,95.75,Open
2023,March,16,GOOG,101.0699996948242,Close
2023,March,16,GOOG,101.9700012207031,High
2023,March,16,GOOG,95.87000274658203,Low
2023,March,16,GOOG,96.56999969482422,Open
2023,March,16,GOOGL,100.3199996948242,Close
2023,March,16,GOOGL,101.1900024414062,High
2023,March,16,GOOGL,95.5,Low
2023,March,16,GOOGL,96.19999694824219,Open
2023,March,16,META,204.9299926757812,Close
2023,March,16,META,205.7599945068359,High
2023,March,16,META,196.0899963378906,Low
2023,March,16,META,198.2599945068359,Open
2023,March,16,MSFT,276.2000122070312,Close
2023,March,16,MSFT,276.5599975585938,High
2023,March,16,MSFT,263.2799987792969,Low
2023,March,16,MSFT,265.2099914550781,Open
2023,March,16,NFLX,310.0599975585938,Close
2023,March,16,NFLX,316.6000061035156,High
2023,March,16,NFLX,301.7099914550781,Low
2023,March,16,NFLX,304.75,Open
2023,March,17,AAPL,155,Close
2023,March,17,AAPL,156.7400054931641,High
2023,March,17,AAPL,154.2799987792969,Low
2023,March,17,AAPL,156.0800018310547,Open
2023,March,17,AMZN,98.94999694824219,Close
2023,March,17,AMZN,100.6600036621094,High
2023,March,17,AMZN,97.45999908447266,Low
2023,March,17,AMZN,99.79000091552734,Open
2023,March,17,GOOG,102.4599990844727,Close
2023,March,17,GOOG,103.4899978637695,High
2023,March,17,GOOG,100.75,Low
2023,March,17,GOOG,100.8399963378906,Open
2023,March,17,GOOGL,101.620002746582,Close
2023,March,17,GOOGL,102.8399963378906,High
2023,March,17,GOOGL,100.0999984741211,Low
2023,March,17,GOOGL,100.2600021362305,Open
2023,March,17,META,195.6100006103516,Close
2023,March,17,META,201.8999938964844,High
2023,March,17,META,195.4299926757812,Low
2023,March,17,META,200.5599975585938,Open
2023,March,17,MSFT,279.4299926757812,Close
2023,March,17,MSFT,283.3299865722656,High
2023,March,17,MSFT,276.3200073242188,Low
2023,March,17,MSFT,278.260009765625,Open
2023,March,17,NFLX,303.5,Close
2023,March,17,NFLX,310.760009765625,High
2023,March,17,NFLX,300,Low
2023,March,17,NFLX,310.0599975585938,Open
2023,March,20,AAPL,157.3999938964844,Close
2023,March,20,AAPL,157.8200073242188,High
2023,March,20,AAPL,154.1499938964844,Low
2023,March,20,AAPL,155.0700073242188,Open
2023,March,20,AMZN,97.70999908447266,Close
2023,March,20,AMZN,98.4800033569336,High
2023,March,20,AMZN,95.69999694824219,Low
2023,March,20,AMZN,98.41000366210938,Open
2023,March,20,GOOG,101.9300003051758,Close
2023,March,20,GOOG,102.5800018310547,High
2023,March,20,GOOG,100.7900009155273,Low
2023,March,20,GOOG,101.0599975585938,Open
2023,March,20,GOOGL,101.2200012207031,Close
2023,March,20,GOOGL,101.75,High
2023,March,20,GOOGL,99.87000274658203,Low
2023,March,20,GOOGL,100.120002746582,Open
2023,March,20,META,197.8099975585938,Close
2023,March,20,META,199.3600006103516,High
2023,March,20,META,193.6399993896484,Low
2023,March,20,META,198.4799957275391,Open
2023,March,20,MSFT,272.2300109863281,Close
2023,March,20,MSFT,277.4800109863281,High
2023,March,20,MSFT,269.8500061035156,Low
2023,March,20,MSFT,276.9800109863281,Open
2023,March,20,NFLX,305.1300048828125,Close
2023,March,20,NFLX,307.5,High
2023,March,20,NFLX,296,Low
2023,March,20,NFLX,299.7900085449219,Open
2023,March,21,AAPL,159.2799987792969,Close
2023,March,21,AAPL,159.3999938964844,High
2023,March,21,AAPL,156.5399932861328,Low
2023,March,21,AAPL,157.3200073242188,Open
2023,March,21,AMZN,100.6100006103516,Close
2023,March,21,AMZN,100.8499984741211,High
2023,March,21,AMZN,98,Low
2023,March,21,AMZN,98.13999938964844,Open
2023,March,21,GOOG,105.8399963378906,Close
2023,March,21,GOOG,105.9599990844727,High
2023,March,21,GOOG,101.8600006103516,Low
2023,March,21,GOOG,101.9800033569336,Open
2023,March,21,GOOGL,104.9199981689453,Close
2023,March,21,GOOGL,105.0999984741211,High
2023,March,21,GOOGL,101.2200012207031,Low
2023,March,21,GOOGL,101.25,Open
2023,March,21,META,202.1600036621094,Close
2023,March,21,META,203.5500030517578,High
2023,March,21,META,197.9499969482422,Low
2023,March,21,META,203.1999969482422,Open
2023,March,21,MSFT,273.7799987792969,Close
2023,March,21,MSFT,275,High
2023,March,21,MSFT,269.5199890136719,Low
2023,March,21,MSFT,274.8800048828125,Open
2023,March,21,NFLX,305.7900085449219,Close
2023,March,21,NFLX,307.9200134277344,High
2023,March,21,NFLX,300.4299926757812,Low
2023,March,21,NFLX,306.3200073242188,Open
2023,March,22,AAPL,157.8300018310547,Close
2023,March,22,AAPL,162.1399993896484,High
2023,March,22,AAPL,157.8099975585938,Low
2023,March,22,AAPL,159.3000030517578,Open
2023,March,22,AMZN,98.69999694824219,Close
2023,March,22,AMZN,102.0999984741211,High
2023,March,22,AMZN,98.61000061035156,Low
2023,March,22,AMZN,100.4499969482422,Open
2023,March,22,GOOG,104.2200012207031,Close
2023,March,22,GOOG,107.5100021362305,High
2023,March,22,GOOG,104.2099990844727,Low
2023,March,22,GOOG,105.1399993896484,Open
2023,March,22,GOOGL,103.370002746582,Close
2023,March,22,GOOGL,106.5899963378906,High
2023,March,22,GOOGL,103.3300018310547,Low
2023,March,22,GOOGL,104.2699966430664,Open
2023,March,22,META,199.8099975585938,Close
2023,March,22,META,207.3699951171875,High
2023,March,22,META,199.6699981689453,Low
2023,March,22,META,202.5,Open
2023,March,22,MSFT,272.2900085449219,Close
2023,March,22,MSFT,281.0400085449219,High
2023,March,22,MSFT,272.1799926757812,Low
2023,March,22,MSFT,273.3999938964844,Open
2023,March,22,NFLX,293.8999938964844,Close
2023,March,22,NFLX,306.4500122070312,High
2023,March,22,NFLX,293.5400085449219,Low
2023,March,22,NFLX,306.3099975585938,Open
2023,March,23,AAPL,158.9299926757812,Close
2023,March,23,AAPL,161.5500030517578,High
2023,March,23,AAPL,157.6799926757812,Low
2023,March,23,AAPL,158.8300018310547,Open
2023,March,23,AMZN,98.70999908447266,Close
2023,March,23,AMZN,101.0599975585938,High
2023,March,23,AMZN,97.62000274658203,Low
2023,March,23,AMZN,100.4300003051758,Open
2023,March,23,GOOG,106.2600021362305,Close
2023,March,23,GOOG,107.1009979248047,High
2023,March,23,GOOG,105.4100036621094,Low
2023,March,23,GOOG,105.8899993896484,Open
2023,March,23,GOOGL,105.5999984741211,Close
2023,March,23,GOOGL,106.3000030517578,High
2023,March,23,GOOGL,104.4599990844727,Low
2023,March,23,GOOGL,105.0599975585938,Open
2023,March,23,META,204.2799987792969,Close
2023,March,23,META,207.8800048828125,High
2023,March,23,META,202.1499938964844,Low
2023,March,23,META,202.8399963378906,Open
2023,March,23,MSFT,277.6600036621094,Close
2023,March,23,MSFT,281.0599975585938,High
2023,March,23,MSFT,275.2000122070312,Low
2023,March,23,MSFT,277.9400024414062,Open
2023,March,23,NFLX,320.3699951171875,Close
2023,March,23,NFLX,322.7799987792969,High
2023,March,23,NFLX,304.1400146484375,Low
2023,March,23,NFLX,304.6799926757812,Open
2023,March,24,AAPL,160.25,Close
2023,March,24,AAPL,160.3399963378906,High
2023,March,24,AAPL,157.8500061035156,Low
2023,March,24,AAPL,158.8600006103516,Open
2023,March,24,AMZN,98.12999725341797,Close
2023,March,24,AMZN,98.30000305175781,High
2023,March,24,AMZN,96.4000015258789,Low
2023,March,24,AMZN,98.06999969482422,Open
2023,March,24,GOOG,106.0599975585938,Close
2023,March,24,GOOG,106.1600036621094,High
2023,March,24,GOOG,104.7399978637695,Low
2023,March,24,GOOG,105.7399978637695,Open
2023,March,24,GOOGL,105.4400024414062,Close
2023,March,24,GOOGL,105.4899978637695,High
2023,March,24,GOOGL,103.8399963378906,Low
2023,March,24,GOOGL,104.9899978637695,Open
2023,March,24,META,206.0099945068359,Close
2023,March,24,META,207.5800018310547,High
2023,March,24,META,203.5500030517578,Low
2023,March,24,META,205.1799926757812,Open
2023,March,24,MSFT,280.5700073242188,Close
2023,March,24,MSFT,280.6300048828125,High
2023,March,24,MSFT,275.2799987792969,Low
2023,March,24,MSFT,277.239990234375,Open
2023,March,24,NFLX,328.3900146484375,Close
2023,March,24,NFLX,331.8299865722656,High
2023,March,24,NFLX,320.6300048828125,Low
2023,March,24,NFLX,320.6300048828125,Open
2023,March,27,AAPL,158.2799987792969,Close
2023,March,27,AAPL,160.7700042724609,High
2023,March,27,AAPL,157.8699951171875,Low
2023,March,27,AAPL,159.9400024414062,Open
2023,March,27,AMZN,98.04000091552734,Close
2023,March,27,AMZN,99.33999633789062,High
2023,March,27,AMZN,97.08000183105469,Low
2023,March,27,AMZN,99.06999969482422,Open
2023,March,27,GOOG,103.0599975585938,Close
2023,March,27,GOOG,105.4000015258789,High
2023,March,27,GOOG,102.629997253418,Low
2023,March,27,GOOG,105.3199996948242,Open
2023,March,27,GOOGL,102.4599990844727,Close
2023,March,27,GOOGL,104.7600021362305,High
2023,March,27,GOOGL,101.9300003051758,Low
2023,March,27,GOOGL,104.620002746582,Open
2023,March,27,META,202.8399963378906,Close
2023,March,27,META,205.8600006103516,High
2023,March,27,META,201.3600006103516,Low
2023,March,27,META,204.8099975585938,Open
2023,March,27,MSFT,276.3800048828125,Close
2023,March,27,MSFT,281.4599914550781,High
2023,March,27,MSFT,275.5199890136719,Low
2023,March,27,MSFT,280.5,Open
2023,March,27,NFLX,327.6600036621094,Close
2023,March,27,NFLX,336.4400024414062,High
2023,March,27,NFLX,324.4100036621094,Low
2023,March,27,NFLX,327.5499877929688,Open
2023,March,28,AAPL,157.6499938964844,Close
2023,March,28,AAPL,158.4900054931641,High
2023,March,28,AAPL,155.9799957275391,Low
2023,March,28,AAPL,157.9700012207031,Open
2023,March,28,AMZN,97.23999786376953,Close
2023,March,28,AMZN,98.44000244140625,High
2023,March,28,AMZN,96.29000091552734,Low
2023,March,28,AMZN,98.11000061035156,Open
2023,March,28,GOOG,101.3600006103516,Close
2023,March,28,GOOG,103,High
2023,March,28,GOOG,100.2799987792969,Low
2023,March,28,GOOG,103,Open
2023,March,28,GOOGL,101.0299987792969,Close
2023,March,28,GOOGL,102.4499969482422,High
2023,March,28,GOOGL,99.73999786376953,Low
2023,March,28,GOOGL,102.4400024414062,Open
2023,March,28,META,200.6799926757812,Close
2023,March,28,META,201.0299987792969,High
2023,March,28,META,197.8999938964844,Low
2023,March,28,META,200.1499938964844,Open
2023,March,28,MSFT,275.2300109863281,Close
2023,March,28,MSFT,276.1400146484375,High
2023,March,28,MSFT,272.0499877929688,Low
2023,March,28,MSFT,275.7900085449219,Open
2023,March,28,NFLX,323.5199890136719,Close
2023,March,28,NFLX,333.3200073242188,High
2023,March,28,NFLX,321.2799987792969,Low
2023,March,28,NFLX,326.0599975585938,Open
2023,March,29,AAPL,160.7700042724609,Close
2023,March,29,AAPL,161.0500030517578,High
2023,March,29,AAPL,159.3500061035156,Low
2023,March,29,AAPL,159.3699951171875,Open
2023,March,29,AMZN,100.25,Close
2023,March,29,AMZN,100.4199981689453,High
2023,March,29,AMZN,98.55999755859375,Low
2023,March,29,AMZN,98.69000244140625,Open
2023,March,29,GOOG,101.9000015258789,Close
2023,March,29,GOOG,102.8199996948242,High
2023,March,29,GOOG,101.0299987792969,Low
2023,March,29,GOOG,102.7200012207031,Open
2023,March,29,GOOGL,101.3899993896484,Close
2023,March,29,GOOGL,102.4899978637695,High
2023,March,29,GOOGL,100.6500015258789,Low
2023,March,29,GOOGL,102.2799987792969,Open
2023,March,29,META,205.3500061035156,Close
2023,March,29,META,205.7200012207031,High
2023,March,29,META,202.5399932861328,Low
2023,March,29,META,203.5599975585938,Open
2023,March,29,MSFT,280.510009765625,Close
2023,March,29,MSFT,281.1400146484375,High
2023,March,29,MSFT,278.4100036621094,Low
2023,March,29,MSFT,278.9599914550781,Open
2023,March,29,NFLX,332.0299987792969,Close
2023,March,29,NFLX,332.8500061035156,High
2023,March,29,NFLX,325.7300109863281,Low
2023,March,29,NFLX,326.2900085449219,Open
2023,March,30,AAPL,162.3600006103516,Close
2023,March,30,AAPL,162.4700012207031,High
2023,March,30,AAPL,161.2700042724609,Low
2023,March,30,AAPL,161.5299987792969,Open
2023,March,30,AMZN,102,Close
2023,March,30,AMZN,103.0400009155273,High
2023,March,30,AMZN,101.0100021362305,Low
2023,March,30,AMZN,101.5500030517578,Open
2023,March,30,GOOG,101.3199996948242,Close
2023,March,30,GOOG,101.6100006103516,High
2023,March,30,GOOG,100.2900009155273,Low
2023,March,30,GOOG,101.4400024414062,Open
2023,March,30,GOOGL,100.8899993896484,Close
2023,March,30,GOOGL,101.1600036621094,High
2023,March,30,GOOGL,99.77999877929688,Low
2023,March,30,GOOGL,100.9100036621094,Open
2023,March,30,META,207.8399963378906,Close
2023,March,30,META,208.0899963378906,High
2023,March,30,META,202.8200073242188,Low
2023,March,30,META,203.3800048828125,Open
2023,March,30,MSFT,284.0499877929688,Close
2023,March,30,MSFT,284.4599914550781,High
2023,March,30,MSFT,281.4800109863281,Low
2023,March,30,MSFT,284.2300109863281,Open
2023,March,30,NFLX,338.4299926757812,Close
2023,March,30,NFLX,343.2900085449219,High
2023,March,30,NFLX,335.2999877929688,Low
2023,March,30,NFLX,340.2699890136719,Open
2023,March,31,AAPL,164.8999938964844,Close
2023,March,31,AAPL,165,High
2023,March,31,AAPL,161.9100036621094,Low
2023,March,31,AAPL,162.4400024414062,Open
2023,March,31,AMZN,103.2900009155273,Close
2023,March,31,AMZN,103.4899978637695,High
2023,March,31,AMZN,101.9499969482422,Low
2023,March,31,AMZN,102.1600036621094,Open
2023,March,31,GOOG,104,Close
2023,March,31,GOOG,104.1900024414062,High
2023,March,31,GOOG,101.4400024414062,Low
2023,March,31,GOOG,101.7099990844727,Open
2023,March,31,GOOGL,103.7300033569336,Close
2023,March,31,GOOGL,103.8899993896484,High
2023,March,31,GOOGL,101.0400009155273,Low
2023,March,31,GOOGL,101.3000030517578,Open
2023,March,31,META,211.9400024414062,Close
2023,March,31,META,212.1699981689453,High
2023,March,31,META,206.7700042724609,Low
2023,March,31,META,207.2400054931641,Open
2023,March,31,MSFT,288.2999877929688,Close
2023,March,31,MSFT,289.2699890136719,High
2023,March,31,MSFT,283,Low
2023,March,31,MSFT,283.7300109863281,Open
2023,March,31,NFLX,345.4800109863281,Close
2023,March,31,NFLX,345.8399963378906,High
2023,March,31,NFLX,337.2000122070312,Low
2023,March,31,NFLX,340.0499877929688,Open
2023,April,3,AAPL,166.1699981689453,Close
2023,April,3,AAPL,166.2899932861328,High
2023,April,3,AAPL,164.2200012207031,Low
2023,April,3,AAPL,164.2700042724609,Open
2023,April,3,AMZN,102.4100036621094,Close
2023,April,3,AMZN,103.2900009155273,High
2023,April,3,AMZN,101.4300003051758,Low
2023,April,3,AMZN,102.3000030517578,Open
2023,April,3,GOOG,104.9100036621094,Close
2023,April,3,GOOG,104.9499969482422,High
2023,April,3,GOOG,102.379997253418,Low
2023,April,3,GOOG,102.6699981689453,Open
2023,April,3,GOOGL,104.3600006103516,Close
2023,April,3,GOOGL,104.5299987792969,High
2023,April,3,GOOGL,101.9300003051758,Low
2023,April,3,GOOGL,102.3899993896484,Open
2023,April,3,META,213.0700073242188,Close
2023,April,3,META,213.4900054931641,High
2023,April,3,META,208.1999969482422,Low
2023,April,3,META,208.8399963378906,Open
2023,April,3,MSFT,287.2300109863281,Close
2023,April,3,MSFT,288.2699890136719,High
2023,April,3,MSFT,283.9500122070312,Low
2023,April,3,MSFT,286.5199890136719,Open
2023,April,3,NFLX,348.2799987792969,Close
2023,April,3,NFLX,348.5799865722656,High
2023,April,3,NFLX,340.3999938964844,Low
2023,April,3,NFLX,341.8299865722656,Open
2023,April,4,AAPL,165.6300048828125,Close
2023,April,4,AAPL,166.8399963378906,High
2023,April,4,AAPL,165.1100006103516,Low
2023,April,4,AAPL,166.6000061035156,Open
2023,April,4,AMZN,103.9499969482422,Close
2023,April,4,AMZN,104.1999969482422,High
2023,April,4,AMZN,102.1100006103516,Low
2023,April,4,AMZN,102.75,Open
2023,April,4,GOOG,105.120002746582,Close
2023,April,4,GOOG,106.0999984741211,High
2023,April,4,GOOG,104.5999984741211,Low
2023,April,4,GOOG,104.8399963378906,Open
2023,April,4,GOOGL,104.7200012207031,Close
2023,April,4,GOOGL,105.5800018310547,High
2023,April,4,GOOGL,104.0400009155273,Low
2023,April,4,GOOGL,104.3300018310547,Open
2023,April,4,META,214.7200012207031,Close
2023,April,4,META,216.2400054931641,High
2023,April,4,META,212.5399932861328,Low
2023,April,4,META,213.3899993896484,Open
2023,April,4,MSFT,287.1799926757812,Close
2023,April,4,MSFT,290.4500122070312,High
2023,April,4,MSFT,285.6700134277344,Low
2023,April,4,MSFT,287.2300109863281,Open
2023,April,4,NFLX,346.75,Close
2023,April,4,NFLX,349.7999877929688,High
2023,April,4,NFLX,343.9500122070312,Low
2023,April,4,NFLX,348.489990234375,Open
2023,April,5,AAPL,163.7599945068359,Close
2023,April,5,AAPL,165.0500030517578,High
2023,April,5,AAPL,161.8000030517578,Low
2023,April,5,AAPL,164.7400054931641,Open
2023,April,5,AMZN,101.0999984741211,Close
2023,April,5,AMZN,103.9100036621094,High
2023,April,5,AMZN,100.75,Low
2023,April,5,AMZN,103.9100036621094,Open
2023,April,5,GOOG,104.9499969482422,Close
2023,April,5,GOOG,106.5400009155273,High
2023,April,5,GOOG,104.1019973754883,Low
2023,April,5,GOOG,106.120002746582,Open
2023,April,5,GOOGL,104.4700012207031,Close
2023,April,5,GOOGL,106.0999984741211,High
2023,April,5,GOOGL,103.6600036621094,Low
2023,April,5,GOOGL,105.7799987792969,Open
2023,April,5,META,211.4799957275391,Close
2023,April,5,META,215.1900024414062,High
2023,April,5,META,209.9400024414062,Low
2023,April,5,META,214.1499938964844,Open
2023,April,5,MSFT,284.3399963378906,Close
2023,April,5,MSFT,287.1499938964844,High
2023,April,5,MSFT,282.9200134277344,Low
2023,April,5,MSFT,285.8500061035156,Open
2023,April,5,NFLX,342.3500061035156,Close
2023,April,5,NFLX,345.4299926757812,High
2023,April,5,NFLX,336.25,Low
2023,April,5,NFLX,345.2999877929688,Open
2023,April,6,AAPL,164.6600036621094,Close
2023,April,6,AAPL,164.9600067138672,High
2023,April,6,AAPL,162,Low
2023,April,6,AAPL,162.4299926757812,Open
2023,April,6,AMZN,102.0599975585938,Close
2023,April,6,AMZN,102.379997253418,High
2023,April,6,AMZN,99.80000305175781,Low
2023,April,6,AMZN,100.75,Open
2023,April,6,GOOG,108.9000015258789,Close
2023,April,6,GOOG,109.629997253418,High
2023,April,6,GOOG,104.8150024414062,Low
2023,April,6,GOOG,105.7699966430664,Open
2023,April,6,GOOGL,108.4199981689453,Close
2023,April,6,GOOGL,109.1699981689453,High
2023,April,6,GOOGL,104.3300018310547,Low
2023,April,6,GOOGL,105.2600021362305,Open
2023,April,6,META,216.1000061035156,Close
2023,April,6,META,216.9400024414062,High
2023,April,6,META,208.6499938964844,Low
2023,April,6,META,209.25,Open
2023,April,6,MSFT,291.6000061035156,Close
2023,April,6,MSFT,292.0799865722656,High
2023,April,6,MSFT,282.0299987792969,Low
2023,April,6,MSFT,283.2099914550781,Open
2023,April,6,NFLX,339.3299865722656,Close
2023,April,6,NFLX,340.4800109863281,High
2023,April,6,NFLX,332.6300048828125,Low
2023,April,6,NFLX,339.3399963378906,Open
2023,April,10,AAPL,162.0299987792969,Close
2023,April,10,AAPL,162.0299987792969,High
2023,April,10,AAPL,160.0800018310547,Low
2023,April,10,AAPL,161.4199981689453,Open
2023,April,10,AMZN,102.1699981689453,Close
2023,April,10,AMZN,102.1999969482422,High
2023,April,10,AMZN,99.56999969482422,Low
2023,April,10,AMZN,100.9599990844727,Open
2023,April,10,GOOG,106.9499969482422,Close
2023,April,10,GOOG,107.9700012207031,High
2023,April,10,GOOG,105.5999984741211,Low
2023,April,10,GOOG,107.3899993896484,Open
2023,April,10,GOOGL,106.4400024414062,Close
2023,April,10,GOOGL,107.5899963378906,High
2023,April,10,GOOGL,105.120002746582,Low
2023,April,10,GOOGL,106.9800033569336,Open
2023,April,10,META,214.75,Close
2023,April,10,META,215.6600036621094,High
2023,April,10,META,210.6600036621094,Low
2023,April,10,META,214.7100067138672,Open
2023,April,10,MSFT,289.3900146484375,Close
2023,April,10,MSFT,289.6000061035156,High
2023,April,10,MSFT,284.7099914550781,Low
2023,April,10,MSFT,289.2099914550781,Open
2023,April,10,NFLX,338.989990234375,Close
2023,April,10,NFLX,339.8800048828125,High
2023,April,10,NFLX,333.3599853515625,Low
2023,April,10,NFLX,335.2699890136719,Open
2023,April,11,AAPL,160.8000030517578,Close
2023,April,11,AAPL,162.3600006103516,High
2023,April,11,AAPL,160.5099945068359,Low
2023,April,11,AAPL,162.3500061035156,Open
2023,April,11,AMZN,99.91999816894531,Close
2023,April,11,AMZN,101,High
2023,April,11,AMZN,99.01000213623047,Low
2023,April,11,AMZN,100.8000030517578,Open
2023,April,11,GOOG,106.120002746582,Close
2023,April,11,GOOG,107.2200012207031,High
2023,April,11,GOOG,105.2799987792969,Low
2023,April,11,GOOG,106.9199981689453,Open
2023,April,11,GOOGL,105.3499984741211,Close
2023,April,11,GOOGL,106.7300033569336,High
2023,April,11,GOOGL,104.6800003051758,Low
2023,April,11,GOOGL,106.5500030517578,Open
2023,April,11,META,213.8500061035156,Close
2023,April,11,META,216.0200042724609,High
2023,April,11,META,213.4100036621094,Low
2023,April,11,META,215.4799957275391,Open
2023,April,11,MSFT,282.8299865722656,Close
2023,April,11,MSFT,285.9800109863281,High
2023,April,11,MSFT,281.6400146484375,Low
2023,April,11,MSFT,285.75,Open
2023,April,11,NFLX,338.2099914550781,Close
2023,April,11,NFLX,347.1400146484375,High
2023,April,11,NFLX,337.6400146484375,Low
2023,April,11,NFLX,343.4500122070312,Open
2023,April,12,AAPL,160.1000061035156,Close
2023,April,12,AAPL,162.0599975585938,High
2023,April,12,AAPL,159.7799987792969,Low
2023,April,12,AAPL,161.2200012207031,Open
2023,April,12,AMZN,97.83000183105469,Close
2023,April,12,AMZN,100.5100021362305,High
2023,April,12,AMZN,97.70999908447266,Low
2023,April,12,AMZN,100.4000015258789,Open
2023,April,12,GOOG,105.2200012207031,Close
2023,April,12,GOOG,107.5869979858398,High
2023,April,12,GOOG,104.9700012207031,Low
2023,April,12,GOOG,107.3899993896484,Open
2023,April,12,GOOGL,104.6399993896484,Close
2023,April,12,GOOGL,106.75,High
2023,April,12,GOOGL,104.3399963378906,Low
2023,April,12,GOOGL,106.5800018310547,Open
2023,April,12,META,214,Close
2023,April,12,META,216.8399963378906,High
2023,April,12,META,212.5800018310547,Low
2023,April,12,META,214.8399963378906,Open
2023,April,12,MSFT,283.489990234375,Close
2023,April,12,MSFT,287.010009765625,High
2023,April,12,MSFT,281.9599914550781,Low
2023,April,12,MSFT,284.7900085449219,Open
2023,April,12,NFLX,331.0299987792969,Close
2023,April,12,NFLX,342.7999877929688,High
2023,April,12,NFLX,330.0400085449219,Low
2023,April,12,NFLX,340.8099975585938,Open
2023,April,13,AAPL,165.5599975585938,Close
2023,April,13,AAPL,165.8000030517578,High
2023,April,13,AAPL,161.4199981689453,Low
2023,April,13,AAPL,161.6300048828125,Open
2023,April,13,AMZN,102.4000015258789,Close
2023,April,13,AMZN,102.5699996948242,High
2023,April,13,AMZN,98.70999908447266,Low
2023,April,13,AMZN,98.94999694824219,Open
2023,April,13,GOOG,108.1900024414062,Close
2023,April,13,GOOG,108.2649993896484,High
2023,April,13,GOOG,106.4400024414062,Low
2023,April,13,GOOG,106.4700012207031,Open
2023,April,13,GOOGL,107.4300003051758,Close
2023,April,13,GOOGL,107.4899978637695,High
2023,April,13,GOOGL,105.8399963378906,Low
2023,April,13,GOOGL,105.8399963378906,Open
2023,April,13,META,220.3500061035156,Close
2023,April,13,META,221.1499938964844,High
2023,April,13,META,215.6900024414062,Low
2023,April,13,META,215.7299957275391,Open
2023,April,13,MSFT,289.8399963378906,Close
2023,April,13,MSFT,289.8999938964844,High
2023,April,13,MSFT,283.1700134277344,Low
2023,April,13,MSFT,283.5899963378906,Open
2023,April,13,NFLX,346.1900024414062,Close
2023,April,13,NFLX,346.4299926757812,High
2023,April,13,NFLX,338.75,Low
2023,April,13,NFLX,339.989990234375,Open
2023,April,14,AAPL,165.2100067138672,Close
2023,April,14,AAPL,166.3200073242188,High
2023,April,14,AAPL,163.8200073242188,Low
2023,April,14,AAPL,164.5899963378906,Open
2023,April,14,AMZN,102.5100021362305,Close
2023,April,14,AMZN,103.1999969482422,High
2023,April,14,AMZN,101.1100006103516,Low
2023,April,14,AMZN,102.0699996948242,Open
2023,April,14,GOOG,109.4599990844727,Close
2023,April,14,GOOG,109.5800018310547,High
2023,April,14,GOOG,107.5899963378906,Low
2023,April,14,GOOG,107.6900024414062,Open
2023,April,14,GOOGL,108.870002746582,Close
2023,April,14,GOOGL,108.9400024414062,High
2023,April,14,GOOGL,106.8399963378906,Low
2023,April,14,GOOGL,106.8899993896484,Open
2023,April,14,META,221.4900054931641,Close
2023,April,14,META,222.1100006103516,High
2023,April,14,META,217.5500030517578,Low
2023,April,14,META,217.8800048828125,Open
2023,April,14,MSFT,286.1400146484375,Close
2023,April,14,MSFT,288.4800109863281,High
2023,April,14,MSFT,283.6900024414062,Low
2023,April,14,MSFT,287,Open
2023,April,14,NFLX,338.6300048828125,Close
2023,April,14,NFLX,344.8500061035156,High
2023,April,14,NFLX,336.4100036621094,Low
2023,April,14,NFLX,342.9400024414062,Open
2023,April,17,AAPL,165.2299957275391,Close
2023,April,17,AAPL,165.3899993896484,High
2023,April,17,AAPL,164.0299987792969,Low
2023,April,17,AAPL,165.0899963378906,Open
2023,April,17,AMZN,102.7399978637695,Close
2023,April,17,AMZN,103.7300033569336,High
2023,April,17,AMZN,101.5899963378906,Low
2023,April,17,AMZN,103.1600036621094,Open
2023,April,17,GOOG,106.4199981689453,Close
2023,April,17,GOOG,106.7099990844727,High
2023,April,17,GOOG,105.3199996948242,Low
2023,April,17,GOOG,105.4300003051758,Open
2023,April,17,GOOGL,105.9700012207031,Close
2023,April,17,GOOGL,106.1600036621094,High
2023,April,17,GOOGL,104.5199966430664,Low
2023,April,17,GOOGL,104.6600036621094,Open
2023,April,17,META,218.8600006103516,Close
2023,April,17,META,220.9799957275391,High
2023,April,17,META,217.1300048828125,Low
2023,April,17,META,219.7899932861328,Open
2023,April,17,MSFT,288.7999877929688,Close
2023,April,17,MSFT,291.6000061035156,High
2023,April,17,MSFT,286.1600036621094,Low
2023,April,17,MSFT,289.9299926757812,Open
2023,April,17,NFLX,332.7200012207031,Close
2023,April,17,NFLX,338.3900146484375,High
2023,April,17,NFLX,327.5,Low
2023,April,17,NFLX,338,Open
2023,April,18,AAPL,166.4700012207031,Close
2023,April,18,AAPL,167.4100036621094,High
2023,April,18,AAPL,165.6499938964844,Low
2023,April,18,AAPL,166.1000061035156,Open
2023,April,18,AMZN,102.3000030517578,Close
2023,April,18,AMZN,104.1999969482422,High
2023,April,18,AMZN,101.5199966430664,Low
2023,April,18,AMZN,103.9499969482422,Open
2023,April,18,GOOG,105.120002746582,Close
2023,April,18,GOOG,107.0500030517578,High
2023,April,18,GOOG,104.7799987792969,Low
2023,April,18,GOOG,107,Open
2023,April,18,GOOGL,104.5,Close
2023,April,18,GOOGL,106.5400009155273,High
2023,April,18,GOOGL,104.0699996948242,Low
2023,April,18,GOOGL,106.4899978637695,Open
2023,April,18,META,217.8899993896484,Close
2023,April,18,META,220.4400024414062,High
2023,April,18,META,216.2100067138672,Low
2023,April,18,META,219.9100036621094,Open
2023,April,18,MSFT,288.3699951171875,Close
2023,April,18,MSFT,291.760009765625,High
2023,April,18,MSFT,287.010009765625,Low
2023,April,18,MSFT,291.5700073242188,Open
2023,April,18,NFLX,333.7000122070312,Close
2023,April,18,NFLX,337.1900024414062,High
2023,April,18,NFLX,330.5,Low
2023,April,18,NFLX,335,Open
2023,April,19,AAPL,167.6300048828125,Close
2023,April,19,AAPL,168.1600036621094,High
2023,April,19,AAPL,165.5399932861328,Low
2023,April,19,AAPL,165.8000030517578,Open
2023,April,19,AMZN,104.3000030517578,Close
2023,April,19,AMZN,105.120002746582,High
2023,April,19,AMZN,101.3899993896484,Low
2023,April,19,AMZN,101.5800018310547,Open
2023,April,19,GOOG,105.0199966430664,Close
2023,April,19,GOOG,105.7249984741211,High
2023,April,19,GOOG,103.8000030517578,Low
2023,April,19,GOOG,104.2149963378906,Open
2023,April,19,GOOGL,104.1800003051758,Close
2023,April,19,GOOGL,104.9800033569336,High
2023,April,19,GOOGL,103.0699996948242,Low
2023,April,19,GOOGL,103.5800018310547,Open
2023,April,19,META,215.6999969482422,Close
2023,April,19,META,217.3300018310547,High
2023,April,19,META,212.9299926757812,Low
2023,April,19,META,213.4700012207031,Open
2023,April,19,MSFT,288.4500122070312,Close
2023,April,19,MSFT,289.0499877929688,High
2023,April,19,MSFT,284.5400085449219,Low
2023,April,19,MSFT,285.989990234375,Open
2023,April,19,NFLX,323.1199951171875,Close
2023,April,19,NFLX,325.75,High
2023,April,19,NFLX,316.1000061035156,Low
2023,April,19,NFLX,324.2099914550781,Open
2023,April,20,AAPL,166.6499938964844,Close
2023,April,20,AAPL,167.8699951171875,High
2023,April,20,AAPL,165.5599975585938,Low
2023,April,20,AAPL,166.0899963378906,Open
2023,April,20,AMZN,103.8099975585938,Close
2023,April,20,AMZN,105.25,High
2023,April,20,AMZN,103.2099990844727,Low
2023,April,20,AMZN,103.5299987792969,Open
2023,April,20,GOOG,105.9000015258789,Close
2023,April,20,GOOG,106.8880004882812,High
2023,April,20,GOOG,104.6399993896484,Low
2023,April,20,GOOG,104.6500015258789,Open
2023,April,20,GOOGL,105.2900009155273,Close
2023,April,20,GOOGL,106.25,High
2023,April,20,GOOGL,103.870002746582,Low
2023,April,20,GOOGL,103.9100036621094,Open
2023,April,20,META,213.0700073242188,Close
2023,April,20,META,216.75,High
2023,April,20,META,212.7700042724609,Low
2023,April,20,META,213.4799957275391,Open
2023,April,20,MSFT,286.1099853515625,Close
2023,April,20,MSFT,289.0299987792969,High
2023,April,20,MSFT,285.0799865722656,Low
2023,April,20,MSFT,285.25,Open
2023,April,20,NFLX,325.3500061035156,Close
2023,April,20,NFLX,331.4299926757812,High
2023,April,20,NFLX,318.3299865722656,Low
2023,April,20,NFLX,320.3900146484375,Open
